from_id,to_id,distance
0,22,5.51
0,150,9.92
0,236,7.07
0,583,4.55
0,1021,4.58
1,203,15.23
1,223,6.83
1,313,16.78
1,367,5.72
1,398,8.55
2,105,24.44
2,602,4.35
2,644,2.86
2,973,14.06
3,71,4.89
3,138,7.31
3,412,5.51
3,499,8.45
3,504,4.59
3,738,6.75
4,216,9.25
4,332,4.46
4,625,5.21
4,743,6.21
5,109,3.62
5,138,5.98
5,246,7.84
5,294,6.05
5,312,6.45
5,431,7.32
5,731,5.32
6,129,10.44
6,310,15.15
6,451,5.86
7,166,9.42
7,497,6.55
7,659,8.87
7,679,16.17
8,56,9.53
8,178,3.04
8,476,9.27
8,508,13.69
8,735,6.61
8,757,12.16
8,952,5.23
9,295,3.52
9,425,7.93
9,499,3.07
9,719,6.55
9,1016,14.06
10,68,2.84
10,252,3.9
10,575,4.41
10,813,7.16
10,825,6.15
11,60,14.87
11,120,11.91
11,176,9.47
11,237,7.95
11,286,8.99
11,359,4.8
11,871,11.34
12,77,4.24
12,151,11.22
12,170,13.37
12,218,8.21
12,284,6.77
12,399,9.03
12,412,1.77
12,616,8.59
12,627,6.98
12,759,7.2
12,844,10.52
12,927,7.12
12,975,4.18
13,84,6.88
13,161,7.64
13,207,7.83
13,229,8.01
13,257,12.42
13,295,4.29
13,379,8.07
13,796,14.08
14,246,3.1
14,532,8.08
14,796,5.51
14,807,6.14
15,357,4.7
15,458,6.79
15,839,18.55
16,191,3.93
16,286,4.12
16,601,3.85
16,913,17.53
16,924,5.86
16,939,7.29
17,170,6.04
17,267,4.61
17,364,6.57
17,430,25.26
17,497,14.82
17,674,4.82
17,735,10.21
17,895,4.88
18,272,3.04
18,278,12.3
18,413,13.2
18,434,12.47
18,486,5.84
18,555,6.8
18,787,10.75
18,943,8.99
19,102,6.07
19,427,3.29
19,555,7.82
19,750,12.67
20,22,4.06
20,343,10.17
20,382,8.72
20,390,10.75
20,514,11.43
20,553,5.22
20,693,3.29
20,773,5.66
20,982,11.53
20,1004,5.64
21,211,5.22
21,335,2.97
21,504,17.75
21,659,11.17
21,681,10.86
21,846,11.99
21,898,9.86
21,947,6.54
22,304,6.81
22,378,5.97
22,610,27.59
22,615,9.76
22,616,5.86
22,767,9.33
22,895,4.46
23,555,15.68
24,50,5.31
24,213,9.49
24,230,12.59
24,280,8.96
24,1001,7.75
25,44,7.43
25,149,7.18
25,161,5.54
25,275,5.9
25,747,15.48
25,910,7.0
26,178,4.99
26,253,5.71
26,366,12.81
26,369,10.36
26,866,9.78
27,127,6.5
27,394,9.84
27,635,5.36
27,666,6.49
27,712,12.0
28,140,11.44
28,308,4.52
28,842,4.82
28,867,7.8
29,213,17.52
29,380,2.84
29,678,8.49
29,694,3.71
29,1001,5.38
29,1002,6.16
30,428,5.99
30,436,5.66
30,475,7.42
30,677,5.65
31,566,3.56
31,668,10.91
31,795,10.77
31,944,11.26
32,441,3.42
32,575,8.58
32,589,10.36
32,657,4.41
32,709,7.42
32,769,6.97
32,963,18.56
33,154,19.34
33,290,3.21
33,411,25.71
33,724,4.68
33,998,12.07
34,117,12.0
34,240,4.49
34,277,9.46
34,577,7.0
35,56,9.75
35,132,8.29
35,146,13.44
35,389,7.67
35,495,6.79
36,155,12.78
36,170,9.88
36,229,10.65
36,295,5.3
36,684,4.38
36,949,5.56
36,998,5.42
37,305,10.95
37,562,12.04
37,601,6.84
37,697,15.11
37,904,14.65
37,940,8.35
38,58,4.9
38,86,16.24
38,120,7.17
38,573,7.87
38,609,6.24
38,712,4.74
38,857,3.55
38,936,10.14
39,164,4.99
39,435,34.12
39,623,4.29
40,156,3.94
40,347,9.54
40,520,15.87
40,972,7.63
40,1018,9.84
41,271,2.94
41,568,5.27
41,891,4.32
41,894,2.86
41,996,7.83
42,310,2.41
42,317,3.81
42,331,5.65
42,513,4.88
42,927,9.01
42,966,8.61
43,281,11.55
43,405,10.76
43,503,13.07
43,533,7.38
43,1012,8.6
44,105,9.54
44,121,7.93
44,163,6.06
44,384,6.26
44,631,4.91
44,993,9.12
45,420,7.05
45,423,5.3
45,679,5.31
45,685,4.03
45,802,12.05
45,939,7.69
45,1029,4.8
46,278,11.07
46,333,5.58
47,201,3.66
47,327,12.31
47,557,5.65
47,624,6.02
48,90,7.54
48,135,13.08
48,500,7.46
48,535,4.06
48,596,9.7
48,757,5.8
48,819,18.99
48,839,7.38
48,924,2.42
48,1027,8.83
49,75,19.54
49,301,16.25
49,454,18.46
49,912,4.44
49,946,11.66
50,523,5.15
50,659,8.27
50,681,3.91
50,944,5.35
51,111,5.27
51,178,11.58
51,405,11.03
51,673,8.49
52,89,3.76
52,147,6.32
52,263,5.09
52,484,11.41
52,906,13.32
53,167,12.53
53,722,5.07
53,759,1.88
54,143,3.05
54,228,15.04
54,642,6.05
54,816,5.08
55,124,16.8
55,219,13.91
55,471,7.48
55,577,6.38
55,615,6.92
56,193,8.28
56,652,16.45
56,689,9.13
57,440,10.62
57,471,13.26
57,553,4.12
57,579,10.78
57,610,6.38
57,651,2.1
58,347,2.55
58,632,4.44
58,724,9.64
59,567,7.82
59,725,8.1
59,788,19.6
59,808,3.92
59,852,7.29
60,267,8.6
61,106,5.11
61,145,7.49
61,224,3.32
61,302,14.95
61,306,5.26
61,334,20.4
61,704,7.27
61,844,12.35
62,77,7.19
62,173,7.28
62,212,5.52
62,223,7.84
62,329,8.66
62,604,4.99
62,779,6.94
62,894,5.45
63,196,23.33
63,419,7.06
63,528,16.0
63,741,6.7
64,79,8.41
64,172,3.82
64,446,5.91
64,480,8.21
64,696,16.33
65,184,8.26
65,332,14.76
65,372,10.18
65,673,16.67
65,739,7.17
66,123,24.41
66,137,5.8
66,158,5.04
66,276,4.03
66,417,23.7
66,542,11.13
66,636,6.25
66,929,13.8
67,231,10.42
67,541,19.75
67,542,3.41
67,690,6.47
67,708,5.86
67,832,2.75
67,980,12.56
67,994,6.45
68,226,10.7
68,426,24.04
68,968,6.19
68,1019,5.99
69,259,7.84
69,497,12.11
69,516,5.57
69,922,5.39
69,947,12.54
69,983,8.93
69,993,2.66
70,106,4.0
70,192,15.65
70,338,9.03
70,513,5.05
70,689,6.79
71,362,7.44
71,689,10.67
71,701,3.75
71,809,4.85
71,891,8.47
71,931,7.03
72,278,9.83
73,460,4.0
73,469,8.83
73,607,12.75
74,157,9.43
74,557,7.92
74,595,7.04
74,877,4.87
75,304,7.13
75,463,13.87
75,718,6.96
75,759,4.74
75,864,5.78
76,193,8.17
76,586,6.13
76,673,9.42
76,726,9.6
76,791,11.52
76,813,15.06
77,79,12.16
77,673,4.63
78,206,4.7
78,263,7.11
78,284,5.9
78,913,4.18
78,970,5.92
79,129,5.83
79,858,5.28
80,250,6.31
80,326,13.32
80,768,8.16
80,876,25.43
81,97,8.05
81,176,6.39
81,472,7.4
81,650,8.4
81,672,9.19
82,147,20.87
82,287,4.84
82,626,11.35
83,306,8.2
83,830,3.37
84,118,10.86
84,228,13.93
84,296,4.81
84,528,7.36
84,543,3.12
84,669,3.94
84,766,12.48
84,774,5.85
85,530,4.24
85,688,8.29
85,764,5.69
85,913,5.84
86,274,10.69
86,339,4.13
86,625,4.7
86,705,7.98
86,907,12.0
86,950,13.72
86,1012,5.3
87,134,11.81
87,206,4.99
87,257,18.41
87,532,4.19
87,799,14.36
87,828,5.32
87,912,20.22
88,230,9.93
88,232,4.45
88,704,5.69
88,883,10.92
88,983,12.51
88,1001,7.13
88,1015,7.56
89,119,10.8
89,161,7.89
89,358,3.87
89,367,4.92
89,527,8.31
89,561,13.57
89,598,16.58
89,612,10.91
89,801,8.53
89,993,10.74
90,626,5.29
90,696,6.84
90,733,4.89
90,977,3.96
91,207,8.73
91,314,8.11
91,325,10.42
91,355,9.71
91,363,8.34
91,645,9.76
91,691,7.23
91,906,9.08
92,409,5.14
92,467,8.89
93,175,10.32
93,202,5.29
93,455,7.58
93,530,5.41
93,581,5.68
93,825,4.21
93,886,13.91
93,964,12.59
94,121,9.67
94,173,19.81
94,311,6.72
94,404,33.65
94,485,6.59
94,595,8.39
95,332,6.06
95,360,8.9
95,405,11.22
95,670,6.98
95,899,17.96
95,966,8.33
96,137,8.46
96,362,4.69
96,457,9.11
96,661,6.91
96,662,5.45
96,873,5.01
97,297,28.1
97,306,6.48
97,601,3.57
97,798,5.21
98,177,7.2
98,222,9.71
98,532,9.75
98,583,10.36
98,764,5.35
98,871,8.76
99,172,4.77
99,686,5.42
99,752,4.67
99,772,4.08
100,141,12.58
100,308,10.43
100,474,12.04
100,577,7.54
100,587,10.9
100,597,3.06
100,647,11.38
100,800,8.07
101,342,10.11
101,637,8.94
101,716,4.51
101,761,3.49
101,813,5.18
101,984,9.8
102,189,10.43
102,312,3.73
102,514,4.52
102,784,5.15
102,811,6.18
102,937,3.74
103,106,3.63
103,504,4.9
103,839,7.71
103,949,4.09
103,986,6.97
104,287,12.54
104,616,3.85
104,629,6.66
104,690,12.33
104,891,5.99
105,686,5.55
105,727,13.22
105,746,6.34
105,831,12.84
105,841,9.16
106,147,6.23
107,196,9.39
107,310,8.67
107,973,12.31
107,978,5.62
107,1011,7.54
107,1018,7.17
108,701,10.51
109,208,4.43
109,499,12.29
109,520,9.33
109,539,3.82
109,572,13.52
109,640,22.58
110,508,12.19
110,552,15.08
110,957,7.71
111,117,3.22
111,156,2.94
111,243,8.39
111,621,5.5
112,643,4.68
112,672,7.16
113,340,10.05
113,435,3.57
113,727,5.9
113,817,15.72
113,872,4.32
114,135,11.41
114,185,5.8
114,320,9.71
114,373,12.79
114,459,10.7
114,467,11.64
115,171,4.15
115,346,12.89
115,469,4.82
115,606,8.41
115,686,8.41
115,730,9.42
116,423,8.74
116,798,4.85
116,869,3.76
116,937,11.43
117,238,8.11
117,258,13.13
117,370,7.23
117,406,3.66
117,987,11.98
118,156,6.14
118,426,8.77
118,560,5.35
118,602,16.81
118,689,4.77
118,738,6.24
118,803,7.8
118,810,4.28
118,873,8.72
118,955,16.54
119,439,5.78
119,464,9.0
119,488,1.87
119,543,7.25
119,634,6.32
119,958,4.91
120,469,12.69
120,548,6.28
120,939,6.76
121,157,6.12
121,160,2.83
121,362,4.2
121,405,11.95
121,465,2.57
121,471,5.04
121,532,6.05
121,636,17.67
122,207,10.85
122,747,5.59
122,921,14.19
123,280,5.1
123,437,12.24
123,534,3.75
123,757,12.64
123,985,6.03
123,1010,4.42
124,422,6.63
124,534,8.49
124,574,5.77
124,625,9.75
124,937,5.52
125,246,10.08
125,462,9.22
125,717,7.17
125,959,5.93
126,583,7.97
126,881,9.73
126,883,20.72
126,934,11.82
127,256,12.04
127,638,34.61
127,838,9.56
127,966,9.42
128,540,10.51
128,675,4.46
128,853,5.92
128,1022,5.74
129,273,10.21
129,922,6.77
129,966,7.92
129,971,12.73
130,540,11.38
130,590,6.82
130,725,5.29
130,990,13.03
130,1010,10.88
131,308,3.31
131,738,6.32
132,216,8.03
132,267,10.91
132,730,11.65
132,924,8.52
133,563,9.9
133,788,7.63
133,940,5.28
134,287,6.48
134,588,7.46
134,661,7.26
134,729,2.88
135,320,6.06
135,333,7.6
135,346,6.42
135,437,6.53
135,828,9.43
136,549,4.31
137,331,3.27
137,952,6.21
137,990,10.83
137,1024,17.18
138,369,10.93
138,621,3.55
138,739,6.58
139,362,8.4
139,382,8.08
139,508,9.68
139,568,4.67
139,668,7.63
139,762,9.12
139,806,11.17
139,966,4.94
140,195,6.22
140,233,1.91
140,310,5.42
140,498,5.68
140,561,4.44
140,586,8.03
141,223,7.19
141,498,2.39
141,533,8.23
141,539,4.65
141,747,9.42
141,993,3.89
142,152,7.5
142,218,6.41
142,493,8.6
142,502,7.86
142,809,6.5
142,847,3.43
142,879,3.53
143,482,5.52
143,845,7.36
144,207,5.45
144,461,10.1
144,525,6.43
144,631,4.56
144,850,6.43
145,169,8.27
145,242,8.69
145,896,18.9
146,208,5.29
146,265,7.12
146,315,9.14
146,454,7.3
147,181,5.75
147,688,3.41
148,355,5.72
148,440,4.32
148,860,3.12
148,869,4.96
148,871,4.38
148,1000,9.89
149,297,9.98
149,486,4.7
149,580,6.49
149,710,2.92
149,831,5.77
149,913,9.02
150,197,11.16
150,447,5.17
150,479,12.5
150,493,3.46
150,559,3.96
150,668,10.54
150,762,17.04
150,836,9.46
150,1022,7.24
151,303,2.47
151,539,2.69
151,678,7.88
151,832,6.18
151,886,4.25
152,174,7.64
152,292,7.83
152,316,11.85
152,600,7.91
152,702,13.66
152,740,7.42
152,769,6.98
152,804,12.58
153,447,4.53
153,744,30.18
153,890,8.91
154,167,8.94
154,221,9.61
154,300,18.89
154,521,10.98
154,813,3.31
154,863,14.91
155,315,6.23
155,936,7.8
155,968,3.9
156,268,9.61
156,408,5.34
156,599,7.77
156,815,6.41
157,161,19.35
157,236,19.91
157,301,7.56
157,351,7.63
157,747,6.13
158,745,12.85
158,871,6.27
158,968,5.99
159,513,12.05
159,551,5.65
159,623,7.25
159,981,3.35
160,204,10.51
160,205,19.5
160,259,10.6
160,264,15.35
160,470,4.84
160,753,8.32
160,755,4.61
160,763,6.59
160,918,10.87
161,434,7.77
161,567,3.65
161,583,3.83
161,692,3.7
161,892,9.45
161,1010,20.74
162,436,14.6
163,233,2.86
163,367,15.04
163,454,11.8
163,505,3.41
163,520,6.35
163,522,12.78
163,704,9.73
164,310,3.84
164,526,10.03
164,536,2.54
164,843,6.61
165,376,13.05
166,736,7.46
167,537,5.76
167,765,11.53
168,666,12.03
169,243,14.23
169,310,11.44
169,974,12.69
170,199,10.66
170,649,8.44
171,540,7.73
171,566,6.56
171,621,4.03
171,714,4.58
171,948,6.42
172,356,8.34
172,740,15.19
172,880,7.24
173,224,12.2
173,286,12.68
173,513,6.58
173,602,9.95
173,705,6.54
173,819,14.31
174,185,10.15
174,479,4.07
174,566,8.01
174,844,16.85
175,321,6.75
175,660,9.24
175,865,9.71
175,883,4.4
175,998,9.54
175,1008,3.68
176,235,5.4
176,271,12.65
176,293,8.83
176,523,6.35
177,312,9.24
177,485,7.17
177,600,7.44
177,687,10.26
177,864,5.14
178,196,7.54
178,205,6.32
178,224,3.34
178,540,4.66
178,796,16.19
179,511,8.96
179,519,3.81
179,573,3.42
179,716,6.99
179,739,16.13
180,259,6.73
180,298,14.2
180,357,8.81
180,424,9.35
180,539,3.79
181,310,11.81
181,425,6.25
181,429,11.38
181,440,4.92
181,567,8.07
181,603,8.81
181,619,6.84
182,619,9.05
182,814,6.47
182,964,5.34
184,549,16.49
184,586,12.48
184,640,5.05
184,903,9.82
185,803,5.1
185,842,4.09
185,971,12.39
186,192,3.15
186,317,11.75
186,436,6.51
186,531,6.65
186,893,9.07
187,260,9.88
187,717,4.89
187,927,10.58
187,1027,7.82
188,197,3.94
188,501,6.79
188,666,14.74
188,671,17.09
189,673,10.58
190,211,4.07
190,496,9.44
190,598,11.31
190,820,10.62
191,682,10.94
191,736,8.86
191,778,7.13
191,913,5.45
191,959,2.86
192,801,8.76
192,869,8.11
192,1006,9.76
193,203,3.79
193,264,10.2
193,280,20.64
193,1008,7.68
194,315,7.16
194,350,8.62
195,548,20.41
195,553,4.43
195,581,8.18
195,633,4.95
195,974,5.62
196,466,7.21
197,338,14.49
197,367,18.18
198,408,9.24
199,239,6.12
199,437,25.7
199,447,5.97
199,707,5.55
199,758,3.04
199,769,14.85
199,794,11.99
200,596,24.75
200,670,3.69
200,731,15.32
200,1022,7.65
201,436,11.06
201,540,3.24
201,599,15.39
201,685,10.95
201,777,7.25
201,895,10.2
201,982,5.04
202,254,5.53
202,329,5.86
202,916,2.93
202,1016,11.37
203,485,13.41
203,736,5.2
204,692,8.79
204,753,6.47
204,785,8.71
205,704,5.4
205,965,4.75
206,373,12.5
206,626,7.16
207,271,20.31
207,317,7.56
207,393,4.65
207,442,13.65
207,592,10.13
207,710,10.63
208,398,13.4
208,430,5.33
208,514,6.93
208,531,6.78
208,650,3.88
208,1006,6.48
209,290,14.41
209,344,8.32
209,356,3.77
209,604,3.39
209,759,16.99
209,867,7.06
209,908,5.35
209,939,6.44
209,1001,3.53
209,1002,15.05
209,1025,6.07
210,271,14.64
210,379,7.58
210,445,15.1
210,517,8.4
210,550,11.32
210,820,10.59
210,944,10.09
211,502,8.79
211,721,6.58
212,217,19.25
212,242,4.7
212,485,7.4
212,559,7.44
212,694,9.04
212,833,5.96
213,328,8.65
213,467,6.79
213,920,3.35
214,438,7.42
214,610,4.26
214,653,3.1
214,722,7.91
214,798,9.43
214,888,9.62
215,245,9.81
215,532,2.81
215,811,3.74
215,863,19.82
216,398,4.38
216,455,10.03
216,940,5.24
216,948,7.69
216,1001,5.38
217,411,9.78
217,438,7.91
217,513,5.91
217,531,4.37
217,909,8.45
217,1026,4.03
218,398,9.15
218,537,27.47
218,860,14.51
219,310,10.58
219,521,7.08
219,978,2.8
220,480,3.81
220,516,14.03
220,562,4.98
220,607,5.21
220,611,6.8
220,734,4.34
220,783,4.0
221,332,7.2
221,513,4.73
221,717,5.1
221,812,5.0
222,982,9.59
223,536,6.58
223,559,6.76
224,333,9.96
224,586,6.88
224,770,6.43
224,858,9.35
224,884,10.32
224,927,6.87
225,422,7.69
225,423,5.0
225,461,4.81
225,699,10.85
226,474,9.23
226,922,9.28
227,235,8.5
227,704,7.56
227,827,10.47
228,367,11.79
228,411,11.65
228,532,7.03
228,651,14.78
228,683,8.28
228,789,10.14
229,398,8.51
229,468,8.36
229,1017,5.11
230,310,10.49
230,761,30.65
230,793,6.13
231,394,7.66
231,417,5.91
231,419,5.79
231,885,15.99
231,960,5.28
232,264,5.83
232,353,3.34
232,369,5.06
232,918,3.14
232,920,10.13
232,980,29.96
232,1028,6.15
233,364,3.21
233,551,11.59
233,654,5.14
233,727,14.15
233,788,6.42
233,866,5.39
234,699,6.76
234,756,10.79
234,782,6.59
234,824,5.76
235,428,6.69
235,596,3.91
235,758,9.01
235,996,3.02
235,1023,5.92
236,379,10.8
236,612,8.6
236,948,9.93
237,478,7.15
237,944,13.26
238,272,11.73
238,318,9.24
238,806,11.75
238,974,10.75
239,520,5.93
239,544,3.77
239,545,9.12
239,824,9.71
240,287,12.75
240,541,4.63
240,678,4.7
240,986,9.3
241,328,7.13
241,493,2.88
241,494,8.91
241,661,2.93
242,838,4.61
242,980,14.52
242,995,18.4
243,684,4.02
243,755,6.27
243,871,7.55
243,873,18.0
243,903,5.78
243,931,5.82
243,935,16.03
243,1013,6.13
244,348,10.6
244,823,3.53
245,739,6.78
245,806,3.22
246,260,4.36
246,533,11.24
246,862,7.21
246,953,6.3
247,315,5.08
247,327,6.62
247,345,8.59
247,533,12.08
247,580,1.99
247,646,4.87
248,420,8.0
248,455,7.03
248,585,9.04
248,952,8.45
248,1015,6.34
249,318,5.68
250,394,6.54
250,614,13.12
250,960,5.12
250,1006,7.16
250,1026,8.1
251,330,16.12
251,493,6.36
251,1006,11.93
252,892,13.68
252,1024,7.16
253,382,6.65
253,462,6.27
253,571,6.5
253,775,11.33
254,281,8.29
254,380,8.31
254,427,4.21
254,617,4.56
254,776,21.58
255,274,6.76
255,425,5.02
255,432,15.11
255,476,8.51
255,547,9.87
255,960,6.9
256,681,6.3
257,316,6.79
257,380,3.7
257,405,7.07
257,654,8.57
257,694,18.64
257,973,7.71
258,300,2.3
258,413,7.05
258,497,29.07
258,784,11.4
258,994,4.93
259,715,9.93
259,773,5.1
259,794,3.76
259,1014,6.21
260,262,7.74
260,408,2.9
260,564,4.16
260,610,7.43
260,936,6.02
261,271,9.0
261,874,4.03
262,336,10.56
262,417,4.09
262,517,16.8
262,534,3.13
262,755,4.28
262,779,9.1
262,972,16.98
262,983,8.65
263,425,9.79
263,821,7.45
263,902,4.42
263,975,5.78
264,272,4.03
264,431,3.9
264,500,9.03
265,403,4.21
265,604,8.67
265,910,3.85
265,1021,8.57
266,985,5.79
267,316,14.93
267,457,8.69
267,960,13.71
268,641,5.06
269,303,7.6
269,950,4.52
269,988,6.01
270,597,6.48
271,501,5.14
271,533,4.02
271,676,3.64
271,884,2.29
271,912,4.36
272,306,10.11
272,401,3.32
272,520,3.73
272,531,18.09
272,723,5.37
273,348,8.68
273,360,10.19
273,370,10.29
273,407,3.45
274,299,6.58
274,493,3.29
274,777,25.11
274,912,3.33
275,338,4.38
275,345,4.39
275,705,3.5
275,984,14.53
276,470,24.81
276,538,5.82
276,670,3.82
276,708,2.41
276,765,6.54
277,352,6.31
277,466,5.34
277,612,8.25
277,633,9.0
277,880,8.68
277,975,6.31
278,343,4.26
278,437,10.31
278,766,7.44
278,893,11.52
279,888,10.97
279,957,3.63
280,806,3.61
280,1019,5.06
281,498,4.36
281,627,10.78
281,709,8.81
281,938,12.8
282,793,9.01
282,828,8.2
283,396,13.46
283,424,9.35
283,426,7.64
283,445,15.49
283,763,7.83
284,913,6.35
284,969,4.86
284,982,10.5
285,415,13.72
285,516,7.2
285,552,14.21
285,645,2.76
285,885,7.19
286,334,7.24
286,416,5.14
286,531,24.34
286,538,7.15
286,700,6.03
286,702,7.49
287,455,2.71
287,518,5.05
288,549,12.08
288,678,5.4
288,824,4.88
289,491,14.22
289,528,14.44
290,490,9.57
290,676,5.89
290,688,6.56
290,734,4.94
290,813,4.49
290,863,4.38
290,865,5.42
291,908,4.4
292,596,3.38
292,986,8.25
293,456,8.31
293,465,17.29
293,801,5.29
293,861,8.57
294,341,8.64
294,686,6.51
294,788,10.72
294,822,10.89
294,924,8.7
295,375,6.5
295,413,6.18
295,430,3.73
295,1008,4.94
296,297,5.41
296,342,4.21
296,537,9.21
296,544,13.44
296,605,4.69
296,611,8.51
296,707,4.41
296,866,6.34
296,883,5.23
296,967,9.98
296,991,5.26
297,395,12.25
297,773,6.53
297,879,5.34
298,450,3.95
298,791,8.39
299,492,11.56
299,536,8.47
299,802,22.63
299,908,15.1
300,571,6.34
300,576,6.3
300,942,9.35
301,333,4.86
301,446,13.24
301,662,8.85
301,677,8.4
301,840,10.42
301,921,17.49
301,936,8.05
302,357,6.98
302,456,15.71
302,721,11.99
302,961,6.29
303,306,7.41
303,315,8.15
303,395,8.85
303,726,3.75
304,579,3.42
304,631,4.74
304,851,4.56
305,366,5.36
305,508,10.15
305,967,6.79
306,322,8.15
306,407,4.01
306,744,5.87
307,720,9.91
307,989,9.95
307,1002,5.14
308,490,8.01
308,776,22.19
309,428,7.32
309,484,5.22
309,731,6.77
309,906,7.74
309,1005,6.85
310,406,7.27
310,684,3.59
310,789,4.57
310,866,6.86
310,1014,6.8
311,983,5.57
312,364,6.76
312,552,7.62
312,755,11.53
313,589,7.03
313,629,9.02
313,820,5.64
313,879,9.84
313,998,8.92
314,413,11.39
314,515,10.56
314,986,9.92
315,433,7.03
315,437,8.35
316,639,12.58
316,1002,5.33
317,459,5.4
317,500,8.09
317,610,9.09
317,840,4.89
318,340,7.12
318,656,7.05
318,795,2.44
319,448,6.62
319,635,6.83
319,671,6.82
319,832,15.0
319,836,4.02
319,923,4.89
320,604,2.0
320,954,5.81
321,355,6.06
321,774,5.73
321,866,12.86
322,343,11.36
322,359,7.68
322,580,6.14
323,382,12.34
323,610,7.32
323,721,4.91
323,867,3.13
324,582,5.93
324,823,10.78
324,826,23.06
325,630,7.62
325,834,5.04
325,838,4.09
325,952,9.74
325,964,3.06
326,332,9.73
326,396,11.12
326,399,9.19
326,596,6.62
326,634,9.8
326,901,8.05
327,650,5.01
327,756,18.64
329,757,6.2
329,809,10.89
330,891,2.2
330,937,13.99
330,1015,15.4
331,651,7.5
331,860,9.77
332,351,9.77
332,714,5.36
333,381,9.71
333,848,4.93
333,868,5.45
334,678,12.98
334,699,12.03
334,922,5.19
334,968,5.12
335,387,5.35
335,622,10.66
335,636,4.48
335,826,8.83
335,889,10.73
335,1005,7.07
336,429,12.24
336,748,6.35
336,774,6.64
336,777,4.53
336,852,12.29
336,868,5.04
336,878,8.8
336,954,7.13
337,730,4.36
337,1002,5.45
338,513,14.75
338,714,8.17
338,726,4.46
338,754,8.61
339,384,6.87
339,517,41.56
339,588,8.52
340,783,6.11
340,791,15.03
340,851,2.94
340,887,7.75
340,891,20.03
341,355,6.97
341,865,3.11
341,950,6.06
341,976,15.29
342,535,8.92
342,547,4.86
342,746,5.25
342,969,5.59
343,552,8.85
343,971,14.43
343,980,12.51
344,447,9.28
344,625,3.8
345,793,3.8
345,945,9.65
345,1016,3.77
346,711,6.6
346,1010,8.6
347,362,4.18
347,400,4.43
347,830,7.05
348,470,9.51
348,504,12.56
348,610,10.01
348,720,7.67
349,832,5.09
349,970,4.33
350,422,5.72
351,570,9.07
351,759,8.74
351,1024,2.59
352,460,4.99
353,519,13.49
353,536,7.69
353,654,3.64
353,659,24.0
353,674,7.28
354,413,8.95
354,456,9.02
355,511,6.15
355,604,5.14
355,985,21.35
356,453,12.2
356,761,11.14
356,984,9.86
357,395,4.47
357,471,14.0
357,545,4.85
357,783,8.51
357,821,3.26
357,890,2.66
358,388,8.66
358,894,4.93
358,981,2.73
359,372,9.68
359,400,21.33
359,440,14.8
359,888,6.5
359,939,7.42
359,991,11.52
360,451,12.95
360,656,6.22
360,990,7.52
360,1004,8.59
361,766,9.75
361,783,6.91
362,384,6.96
362,525,14.73
362,568,13.53
362,636,9.38
362,638,17.45
363,549,6.09
364,460,16.63
364,529,9.69
364,577,37.92
364,645,4.07
364,688,5.23
364,777,9.11
364,940,9.01
365,621,19.59
365,724,5.29
366,917,11.62
366,985,13.21
366,1006,10.51
367,444,4.57
367,586,14.94
367,641,13.66
367,668,9.97
368,425,8.18
368,623,8.27
368,794,7.1
369,577,10.18
369,607,7.5
369,697,4.83
369,906,4.37
369,988,5.07
370,489,8.26
370,558,7.29
370,991,8.23
371,855,9.49
371,957,5.4
372,681,15.38
372,887,6.46
372,928,5.95
374,377,9.4
374,581,2.95
374,707,4.98
374,842,12.07
375,380,3.1
375,421,12.92
375,422,15.73
375,458,6.14
375,644,8.55
375,849,12.93
375,868,5.85
376,797,11.4
376,815,5.28
377,562,5.82
377,709,4.95
377,727,8.77
378,791,13.18
379,399,6.74
379,447,3.91
379,521,4.3
379,549,9.0
379,633,18.58
379,651,9.0
379,903,6.09
379,913,10.84
380,402,6.56
380,886,6.12
380,988,4.58
381,650,14.94
381,679,2.08
381,837,11.01
381,890,5.86
382,706,6.02
382,843,17.22
382,1021,5.17
383,629,5.26
383,773,6.92
383,969,9.09
384,440,5.92
384,502,3.36
384,563,4.79
384,797,14.02
384,965,7.67
385,424,9.26
385,473,6.48
385,549,5.31
385,583,17.09
385,705,6.73
386,453,5.92
386,660,12.78
386,901,5.15
387,389,5.49
387,395,7.43
387,852,7.39
387,973,8.41
388,437,21.03
388,676,8.74
388,742,2.25
389,540,8.7
389,674,7.53
390,527,7.55
390,887,8.36
392,715,7.28
393,534,7.2
393,656,10.04
394,568,5.63
394,929,4.6
394,986,33.51
395,776,5.17
396,928,7.77
396,985,3.5
396,1015,7.83
397,446,4.63
397,593,5.92
397,594,12.46
397,661,9.36
398,559,9.82
398,924,3.05
398,1010,18.51
399,457,4.07
399,902,15.87
401,703,12.31
401,850,9.86
401,869,4.82
402,693,7.97
402,781,5.84
402,847,7.5
402,853,6.52
403,422,2.67
403,1001,12.95
404,415,7.1
404,531,5.8
404,768,5.58
404,834,8.84
404,872,4.73
406,538,2.39
406,606,9.06
406,891,9.58
407,421,6.69
407,543,4.16
407,741,7.73
407,946,3.55
408,423,4.42
408,850,5.08
408,929,11.27
409,660,6.16
409,969,5.91
409,973,19.64
409,1007,8.81
410,622,8.75
410,699,6.14
410,950,5.48
411,418,2.48
411,466,11.99
411,616,9.25
411,795,6.76
411,937,6.9
412,594,10.68
412,904,3.4
412,965,5.5
412,971,4.19
413,602,17.92
414,630,11.45
414,933,2.46
415,447,3.47
415,659,6.92
417,457,5.83
417,847,3.81
418,702,19.54
418,787,8.64
418,790,9.37
418,950,5.23
418,966,10.6
419,477,6.11
419,645,6.41
419,731,10.03
420,512,3.27
420,574,16.42
420,674,8.09
420,845,14.02
420,1026,4.32
421,456,4.66
421,855,4.13
422,468,8.37
422,858,7.64
423,571,5.86
423,686,4.45
423,873,3.92
423,996,7.21
424,495,5.85
424,709,5.24
424,727,16.02
424,755,7.09
424,1009,13.94
425,636,5.66
425,692,8.35
425,808,7.19
425,893,3.16
425,998,15.09
426,480,6.91
427,731,10.73
427,813,5.07
427,923,6.8
428,939,4.79
430,479,13.71
430,527,8.63
430,669,8.88
430,797,14.57
430,805,13.17
430,982,10.83
431,954,3.63
432,556,5.22
432,908,4.47
432,961,10.63
432,987,8.05
433,708,3.69
433,764,6.72
433,776,3.5
434,518,7.2
436,454,3.23
436,891,9.63
437,677,8.93
437,867,19.18
438,652,11.29
438,844,5.98
438,985,11.12
439,542,3.67
439,920,4.57
439,1011,8.73
440,728,2.51
440,834,7.25
441,594,4.44
441,666,7.77
441,939,4.31
441,959,9.14
442,573,7.46
442,880,14.88
443,540,7.41
444,863,5.03
445,463,6.53
445,792,3.77
445,864,9.05
445,1006,9.92
446,507,25.4
446,920,5.41
446,964,6.46
447,582,5.54
448,838,8.22
448,1029,8.94
449,550,7.19
449,875,12.72
449,930,5.43
450,889,12.1
450,989,9.67
450,1015,7.34
451,644,6.31
451,649,24.86
451,747,4.91
451,947,8.58
452,511,5.08
452,668,18.04
452,867,11.51
453,460,5.26
453,700,9.55
453,723,8.41
453,875,5.71
454,636,10.79
454,727,8.98
454,899,8.23
454,906,7.24
454,963,9.17
454,1016,8.29
455,510,7.61
455,959,5.36
455,987,17.23
457,569,4.37
457,595,9.15
457,642,6.3
457,892,17.81
457,907,4.7
458,744,5.12
458,908,4.55
459,647,8.69
460,468,3.72
460,522,5.82
460,532,2.52
460,601,8.33
460,913,5.75
461,696,3.51
461,839,12.72
461,992,3.84
462,621,11.01
462,973,5.2
463,761,16.46
464,675,10.75
464,769,4.46
464,774,4.67
465,490,10.0
465,503,6.48
465,848,6.79
466,559,13.96
466,583,5.08
467,598,7.73
467,804,11.91
467,1015,11.07
468,549,6.82
468,789,6.4
468,952,3.1
468,1012,4.36
469,483,8.66
469,560,6.9
469,681,7.67
469,859,12.42
470,746,4.08
470,954,6.57
471,799,8.12
471,984,5.2
472,534,15.12
472,549,11.64
472,588,8.54
472,692,18.12
472,885,3.49
472,915,7.36
472,997,8.87
473,489,4.68
473,560,8.59
473,765,4.25
474,652,10.44
475,562,12.54
475,788,8.47
475,792,2.93
475,880,4.56
475,1024,9.8
475,1025,7.47
476,652,1.92
476,777,13.76
476,808,7.91
476,829,4.91
477,693,12.15
477,761,5.27
477,917,5.24
478,611,8.84
478,673,18.0
478,737,16.64
478,794,8.85
478,806,9.31
478,873,10.98
478,905,3.94
480,536,10.2
480,607,5.12
480,679,8.66
480,892,6.59
481,798,9.49
481,825,7.84
481,895,1.59
481,962,8.08
481,999,10.19
481,1006,9.23
482,502,7.02
482,566,16.79
482,686,8.63
483,892,9.2
483,916,12.46
484,487,8.86
484,584,4.72
484,871,2.18
484,1029,5.82
485,673,10.81
485,838,6.19
486,575,11.03
486,713,7.96
486,1026,14.07
487,783,6.38
487,808,9.34
487,834,9.52
487,855,15.66
487,873,3.15
488,825,5.88
488,871,11.29
489,618,16.01
489,759,8.33
489,931,6.38
490,565,10.79
490,582,11.41
490,586,6.17
490,866,8.72
490,971,13.33
491,707,19.02
491,844,10.71
491,849,7.55
492,493,7.19
492,633,9.76
492,769,6.97
492,993,8.12
493,692,4.35
493,803,14.13
493,827,4.18
493,881,5.95
493,978,7.76
494,703,20.0
494,830,5.98
495,588,5.3
495,727,5.61
495,866,16.94
496,569,1.81
497,807,4.48
498,900,28.95
499,601,9.93
499,639,4.25
500,656,7.24
503,667,7.64
503,695,11.28
504,529,18.54
504,580,8.97
504,923,5.64
505,532,10.95
505,823,5.21
505,975,4.41
506,548,3.06
506,834,3.38
506,998,4.72
506,1017,4.1
507,944,8.64
508,549,4.06
508,607,1.53
508,708,4.38
508,904,5.84
508,910,5.46
510,717,15.8
510,773,5.44
511,908,11.48
512,594,7.32
512,958,7.23
513,614,4.87
513,962,7.18
513,980,5.04
513,1004,8.04
514,697,6.57
514,715,4.61
514,859,12.13
515,557,9.15
515,772,5.91
516,715,7.95
517,572,7.09
517,687,4.79
517,753,7.65
518,608,5.42
518,790,4.61
518,905,3.28
518,999,6.18
519,558,9.81
519,632,5.22
519,633,26.06
519,636,11.51
519,974,14.18
520,748,11.0
520,815,18.66
521,1018,4.99
522,672,2.05
522,901,5.91
523,711,9.77
523,720,7.97
523,964,8.48
523,993,14.3
524,695,8.94
524,864,11.02
525,688,4.62
527,748,4.27
527,804,16.56
527,1009,7.77
528,597,5.41
529,824,5.42
529,985,5.34
530,805,5.18
530,849,3.89
530,897,3.49
530,899,6.7
531,834,5.49
531,846,12.85
531,851,8.56
531,939,8.44
532,613,5.1
532,661,6.96
532,690,8.85
532,725,10.57
532,933,7.05
535,607,12.67
535,620,7.42
535,751,10.98
535,769,5.78
535,794,2.99
537,545,8.45
537,634,10.62
537,725,9.85
537,789,9.13
537,873,6.21
537,913,4.94
537,945,9.74
538,633,9.15
538,692,5.58
538,906,12.87
539,584,4.75
539,839,5.52
539,892,16.75
539,897,11.41
539,974,6.18
540,569,8.53
541,561,7.98
541,634,1.87
541,728,4.7
541,768,7.2
541,773,6.18
541,901,8.36
542,672,13.0
543,578,6.29
543,685,4.35
543,855,8.69
544,670,6.28
544,845,6.83
544,1002,6.39
546,615,22.67
546,623,2.41
546,757,6.09
546,777,7.38
546,834,5.0
546,895,11.59
547,563,11.1
547,695,7.21
547,710,6.45
547,925,6.99
548,606,7.01
548,929,7.11
549,586,6.73
549,735,8.38
549,891,10.77
549,938,3.99
551,631,4.37
552,588,3.08
552,726,11.4
552,736,8.37
552,750,9.51
553,648,3.62
553,870,18.04
554,689,5.45
554,812,8.04
554,911,11.33
555,927,4.51
555,954,5.62
556,652,8.08
556,657,30.84
556,776,8.59
556,913,16.5
556,1022,13.5
556,1025,8.88
557,639,4.51
557,842,12.55
557,928,3.49
558,586,16.45
558,847,8.17
560,584,1.96
560,617,6.23
561,723,10.25
561,743,6.56
561,748,10.56
561,815,4.83
561,913,3.85
561,951,7.13
562,998,7.51
564,693,6.21
564,740,13.65
566,747,4.83
566,969,8.64
567,684,7.64
567,961,3.39
568,637,3.82
568,653,7.43
568,983,19.9
569,785,9.87
571,695,3.12
571,752,1.56
571,798,10.66
571,841,7.04
571,1011,13.07
572,766,4.76
572,797,8.8
572,802,11.28
572,850,5.91
572,967,5.97
573,993,7.48
574,789,9.69
574,831,7.34
575,663,12.03
575,672,5.87
575,828,3.8
575,1016,19.86
576,693,5.46
576,731,5.56
577,727,7.15
578,667,7.64
578,849,6.09
578,952,7.32
579,749,7.24
579,837,8.06
580,590,2.27
580,705,18.92
580,775,6.86
580,805,9.88
581,771,3.71
582,650,5.84
584,603,5.28
584,818,15.41
585,628,5.51
585,709,10.79
585,736,5.34
585,926,5.89
586,825,6.54
587,781,14.04
587,967,2.87
587,976,3.83
588,686,2.79
588,716,4.29
588,743,4.92
588,751,3.3
588,848,5.12
588,905,2.7
588,939,4.44
588,1020,13.47
589,746,9.04
590,804,8.12
591,641,4.48
591,708,3.43
591,1003,4.18
592,802,7.23
593,703,11.41
593,999,11.6
594,964,10.13
595,905,5.11
595,1003,7.48
596,597,6.29
596,641,6.68
597,653,20.46
597,727,3.06
597,813,6.57
597,817,13.54
598,751,3.55
598,840,5.36
598,849,5.67
598,1006,6.61
599,620,3.33
599,849,9.95
600,611,10.31
600,616,9.53
600,871,4.78
600,893,7.72
600,1015,4.71
601,618,6.26
601,759,21.69
601,835,7.75
602,712,4.08
602,714,8.09
602,864,3.76
602,958,4.06
603,773,4.39
603,855,5.92
603,931,11.8
604,644,9.87
604,678,9.6
604,826,4.27
604,863,5.64
605,843,8.47
605,850,5.4
605,893,6.43
605,913,9.21
606,748,6.21
606,809,8.27
606,929,16.38
606,942,6.78
606,955,13.33
606,989,9.77
607,617,3.55
608,836,4.26
608,851,4.87
608,887,4.82
608,915,7.06
608,973,10.05
609,784,13.84
609,992,8.62
611,1010,5.91
612,620,2.61
612,637,7.65
612,798,7.48
613,756,8.1
613,955,21.18
614,675,13.74
614,771,10.94
614,1007,4.57
616,835,5.72
617,704,7.05
617,789,5.01
617,865,9.49
617,881,8.83
618,634,4.29
618,937,13.44
618,942,7.78
620,783,3.11
620,830,7.2
620,843,8.5
621,811,12.02
621,934,6.24
621,954,11.18
621,996,8.11
621,1016,3.83
622,691,3.64
622,907,12.95
622,973,13.44
623,900,8.68
623,1001,15.61
624,882,12.53
625,632,10.4
627,749,4.68
627,955,17.56
628,683,9.66
629,678,6.09
629,789,5.29
629,864,8.4
630,828,3.2
631,751,10.48
632,784,4.59
632,941,8.89
633,809,5.69
634,691,6.47
635,911,5.06
636,764,6.82
636,777,19.0
636,931,14.77
637,987,8.82
638,937,7.3
639,841,11.27
639,934,13.0
640,642,4.88
640,923,7.11
640,960,2.97
640,1007,12.96
641,737,20.75
642,965,7.69
643,717,2.55
643,997,10.02
643,1019,4.7
644,726,5.3
644,751,10.11
644,835,8.39
644,1024,5.79
645,692,5.34
645,944,7.87
646,721,6.02
647,678,4.24
647,804,6.26
648,676,8.76
648,901,6.76
649,650,3.64
649,767,12.12
650,964,1.88
650,1013,5.91
651,719,5.42
651,723,7.96
651,869,9.78
651,900,12.98
651,940,5.17
652,761,9.91
652,884,8.15
653,776,3.14
653,779,19.11
653,891,3.6
653,897,9.11
653,989,8.98
654,707,8.48
654,713,5.77
654,947,11.17
654,1022,3.39
655,690,7.15
655,713,5.57
655,798,5.27
655,873,9.16
655,904,12.66
656,814,6.22
657,757,10.92
657,771,7.58
657,899,4.73
658,892,6.49
658,896,6.36
658,931,5.22
659,810,9.15
659,954,8.31
660,770,3.34
660,859,3.24
660,948,9.14
661,981,4.92
661,999,8.59
662,693,10.92
662,826,3.91
662,900,3.65
663,713,17.07
663,846,8.81
663,934,5.99
664,833,4.63
666,963,5.72
668,876,4.07
669,818,11.49
669,907,5.01
670,683,12.77
670,840,6.05
670,864,4.39
670,911,5.97
671,799,1.99
671,876,6.96
671,950,6.79
672,1017,11.16
672,1023,2.88
675,773,13.21
676,804,11.14
677,687,13.82
677,956,7.2
678,845,12.27
678,921,3.54
679,716,10.55
680,725,5.02
680,950,3.24
681,691,4.21
681,816,7.41
681,828,4.89
681,879,8.92
681,950,2.99
682,694,2.55
682,784,14.68
683,692,11.61
683,939,4.37
684,708,7.38
684,746,12.3
684,980,9.11
685,870,7.96
686,847,12.78
687,751,5.13
687,828,7.51
687,1023,7.32
689,777,6.45
689,887,6.08
689,979,7.66
690,824,7.52
692,905,4.37
692,960,11.03
693,995,4.53
694,1020,6.63
695,792,6.37
695,813,8.84
695,1010,2.56
696,775,11.54
698,782,5.27
698,921,13.6
698,1006,5.82
699,712,7.21
699,975,19.24
700,977,6.43
701,1004,13.73
702,773,7.53
702,791,9.09
703,761,7.65
704,708,11.29
704,753,5.24
704,887,4.52
705,862,5.37
706,778,7.77
707,776,6.62
708,733,10.54
708,757,14.19
708,998,4.54
708,1007,5.12
709,849,3.6
711,814,20.39
711,822,8.6
711,957,9.39
714,823,3.78
715,802,7.38
716,733,9.53
716,829,6.51
717,820,12.65
718,724,23.47
718,840,4.6
721,752,4.43
721,888,4.76
721,945,16.5
722,770,12.44
722,783,6.9
722,837,7.53
722,986,4.91
723,763,11.53
723,956,6.11
723,979,6.49
724,771,10.02
725,927,6.73
726,769,6.57
726,939,7.43
727,872,11.0
727,942,16.83
727,955,9.9
728,993,11.04
729,1000,6.69
730,994,5.19
731,920,10.25
734,736,8.05
735,843,3.63
735,924,6.27
736,830,7.09
736,880,5.72
736,905,15.5
738,964,9.39
739,767,14.68
740,957,8.43
741,863,7.7
741,1009,4.63
742,969,7.43
744,922,7.44
744,936,3.73
744,940,5.64
744,955,6.29
745,770,9.09
745,884,9.31
745,918,5.53
745,923,9.34
746,893,6.75
747,842,1.76
747,1026,5.8
752,880,12.67
752,1022,3.19
753,909,7.82
753,1003,16.32
755,870,5.05
755,877,7.4
755,915,3.85
755,952,16.67
756,881,7.09
756,892,7.56
758,798,14.54
758,976,10.29
759,802,4.77
759,873,5.35
759,917,9.46
760,774,5.41
760,903,2.56
760,947,7.19
761,795,3.53
761,921,16.58
761,967,8.07
762,791,4.7
762,994,5.21
762,1027,2.87
764,839,4.26
765,874,12.28
765,918,22.55
765,958,10.62
766,956,7.06
767,811,5.95
767,867,4.58
767,979,20.69
770,853,6.72
770,964,21.28
773,855,14.83
774,806,3.09
774,865,5.3
775,941,5.29
775,993,7.1
775,1018,7.17
776,842,33.05
778,908,4.31
779,865,8.29
779,958,10.06
779,1024,7.38
781,822,7.81
781,970,4.38
782,820,7.79
783,906,9.54
783,912,8.7
785,927,9.83
785,939,14.97
791,801,11.8
793,924,7.66
794,838,4.11
795,1000,5.47
796,891,6.62
796,949,8.38
797,873,5.82
799,802,4.63
800,890,4.08
800,998,3.24
800,1026,6.57
801,871,3.54
801,936,4.48
801,946,6.07
801,947,3.79
802,836,8.93
802,841,10.7
803,858,5.61
803,923,5.94
804,955,9.67
804,1012,5.17
805,928,5.0
806,908,13.44
806,922,11.5
807,851,9.98
807,897,11.74
807,1022,2.75
809,846,14.54
809,874,8.99
809,946,12.25
809,992,8.97
810,993,7.57
812,911,6.44
813,999,8.88
814,935,6.32
816,958,11.4
816,986,3.34
816,1029,5.64
817,928,20.54
817,929,5.4
823,824,6.56
823,1029,4.75
828,893,8.74
829,868,5.11
829,869,6.73
829,881,11.3
829,887,5.21
829,915,10.96
830,958,11.15
830,982,12.52
831,1014,7.93
834,844,37.36
834,976,12.52
835,951,8.69
837,843,4.77
838,897,7.04
840,959,15.08
840,1005,17.37
842,929,15.47
843,912,10.94
844,916,3.94
845,852,9.43
845,925,3.97
846,895,3.51
846,960,8.33
846,1005,9.6
847,919,11.61
849,957,9.47
849,996,9.64
849,1008,4.52
850,883,7.01
851,912,3.48
851,981,2.71
853,865,10.7
853,996,5.07
853,1023,11.43
855,943,12.86
855,1027,5.42
857,962,9.93
858,984,5.31
859,1011,2.94
860,891,7.86
860,1009,5.84
861,866,5.93
864,888,19.84
865,921,3.45
866,879,8.95
867,891,4.49
868,962,11.64
869,1025,8.58
872,898,8.93
872,977,4.61
874,912,5.04
874,921,11.75
875,914,17.91
876,898,9.39
876,903,4.72
878,988,8.75
879,913,24.87
880,882,7.78
882,947,15.35
885,930,5.1
888,935,7.24
889,1001,10.07
889,1021,9.01
890,963,5.04
892,980,4.93
894,944,12.11
903,1024,13.41
905,906,15.74
909,983,18.21
916,940,7.9
916,991,6.32
918,979,14.52
920,1029,10.55
921,1011,4.52
925,930,4.41
930,992,9.45
931,933,6.76
932,956,7.29
933,1004,12.63
935,950,10.8
938,997,14.37
939,954,2.81
939,1022,8.39
940,948,10.46
943,990,3.44
947,999,5.33
950,963,4.85
954,960,7.47
957,1016,16.68
971,993,20.31
974,975,4.92
975,1023,9.61
981,1006,9.77
985,989,8.97
987,1021,9.02
995,1014,8.6
1000,1016,17.18
1016,1026,12.82
