route_id,sequence,node_id
0,0,0
0,1,1021
0,2,265
0,3,146
0,4,454
0,5,727
0,6,597
0,7,813
0,8,154
0,9,521
0,10,379
0,11,236
0,12,0
1,0,0
1,1,583
1,2,466
1,3,277
1,4,975
1,5,505
1,6,823
1,7,244
1,8,823
1,9,1029
1,10,45
1,11,802
1,12,715
1,13,514
1,14,20
1,15,22
1,16,0
2,0,0
2,1,22
2,2,304
2,3,631
2,4,144
2,5,525
2,6,688
2,7,290
2,8,813
2,9,10
2,10,825
2,11,481
2,12,895
2,13,22
2,14,0
3,0,0
3,1,583
3,2,161
3,3,692
3,4,204
3,5,753
3,6,517
3,7,572
3,8,967
3,9,761
3,10,477
3,11,693
3,12,20
3,13,22
3,14,0
4,0,0
4,1,22
4,2,767
4,3,811
4,4,215
4,5,245
4,6,806
4,7,280
4,8,123
4,9,1010
4,10,695
4,11,571
4,12,1011
4,13,859
4,14,660
4,15,770
4,16,660
4,17,948
4,18,236
4,19,0
5,0,0
5,1,150
5,2,1022
5,3,654
5,4,353
5,5,232
5,6,1028
5,7,232
5,8,353
5,9,654
5,10,1022
5,11,128
5,12,853
5,13,996
5,14,235
5,15,758
5,16,976
5,17,587
5,18,976
5,19,758
5,20,199
5,21,447
5,22,150
5,23,0
6,0,0
6,1,583
6,2,161
6,3,692
6,4,905
6,5,588
6,6,939
6,7,954
6,8,470
6,9,348
6,10,610
6,11,57
6,12,553
6,13,20
6,14,22
6,15,0
7,0,0
7,1,150
7,2,493
7,3,274
7,4,493
7,5,492
7,6,993
7,7,89
7,8,161
7,9,583
7,10,0
8,0,0
8,1,583
8,2,161
8,3,692
8,4,905
8,5,588
8,6,751
8,7,687
8,8,517
8,9,687
8,10,751
8,11,588
8,12,939
8,13,954
8,14,939
8,15,588
8,16,905
8,17,692
8,18,161
8,19,583
8,20,0
9,0,0
9,1,22
9,2,20
9,3,343
9,4,278
9,5,437
9,6,867
9,7,28
9,8,867
9,9,767
9,10,22
9,11,0
10,0,0
10,1,583
10,2,98
10,3,871
10,4,484
10,5,584
10,6,560
10,7,617
10,8,881
10,9,493
10,10,150
10,11,0
11,0,0
11,1,1021
11,2,382
11,3,323
11,4,610
11,5,260
11,6,936
11,7,744
11,8,922
11,9,226
11,10,68
11,11,10
11,12,825
11,13,481
11,14,895
11,15,22
11,16,0
12,0,0
12,1,150
12,2,493
12,3,274
12,4,912
12,5,271
12,6,884
12,7,271
12,8,912
12,9,274
12,10,255
12,11,425
12,12,893
12,13,278
12,14,72
12,15,278
12,16,343
12,17,20
12,18,22
12,19,0
13,0,0
13,1,22
13,2,895
13,3,546
13,4,623
13,5,546
13,6,757
13,7,48
13,8,500
13,9,656
13,10,500
13,11,264
13,12,232
13,13,88
13,14,1001
13,15,889
13,16,1021
13,17,0
14,0,0
14,1,22
14,2,20
14,3,553
14,4,870
14,5,685
14,6,543
14,7,84
14,8,774
14,9,865
14,10,921
14,11,678
14,12,151
14,13,539
14,14,180
14,15,424
14,16,283
14,17,426
14,18,480
14,19,892
14,20,161
14,21,583
14,22,0
15,0,0
15,1,22
15,2,767
15,3,867
15,4,209
15,5,604
15,6,826
15,7,604
15,8,265
15,9,1021
15,10,0
16,0,0
16,1,583
16,2,161
16,3,692
16,4,425
16,5,636
16,6,66
16,7,137
16,8,331
16,9,651
16,10,57
16,11,553
16,12,20
16,13,22
16,14,0
17,0,0
17,1,236
17,2,948
17,3,171
17,4,621
17,5,138
17,6,3
17,7,504
17,8,923
17,9,319
17,10,836
17,11,150
17,12,0
18,0,0
18,1,583
18,2,161
18,3,13
18,4,295
18,5,1008
18,6,849
18,7,957
18,8,279
18,9,888
18,10,721
18,11,752
18,12,571
18,13,300
18,14,576
18,15,693
18,16,20
18,17,22
18,18,0
19,0,0
19,1,1021
19,2,382
19,3,706
19,4,778
19,5,908
19,6,209
19,7,939
19,8,531
19,9,186
19,10,192
19,11,801
19,12,936
19,13,260
19,14,262
19,15,417
19,16,847
19,17,142
19,18,493
19,19,150
19,20,0
20,0,0
20,1,583
20,2,161
20,3,567
20,4,684
20,5,243
20,6,931
20,7,636
20,8,425
20,9,893
20,10,186
20,11,531
20,12,851
20,13,304
20,14,22
20,15,0
21,0,0
21,1,22
21,2,895
21,3,546
21,4,623
21,5,39
21,6,623
21,7,900
21,8,662
21,9,96
21,10,362
21,11,347
21,12,58
21,13,38
21,14,120
21,15,939
21,16,209
21,17,604
21,18,265
21,19,1021
21,20,0
22,0,0
22,1,583
22,2,466
22,3,277
22,4,352
22,5,460
22,6,453
22,7,460
22,8,468
22,9,422
22,10,858
22,11,803
22,12,493
22,13,150
22,14,0
23,0,0
23,1,22
23,2,20
23,3,693
23,4,576
23,5,731
23,6,5
23,7,109
23,8,539
23,9,151
23,10,303
23,11,726
23,12,76
23,13,586
23,14,549
23,15,468
23,16,460
23,17,453
23,18,875
23,19,453
23,20,460
23,21,352
23,22,277
23,23,466
23,24,583
23,25,0
24,0,0
24,1,583
24,2,161
24,3,25
24,4,149
24,5,710
24,6,547
24,7,695
24,8,571
24,9,798
24,10,97
24,11,798
24,12,481
24,13,895
24,14,22
24,15,0
25,0,0
25,1,22
25,2,20
25,3,773
25,4,541
25,5,728
25,6,440
25,7,181
25,8,567
25,9,59
25,10,567
25,11,161
25,12,583
25,13,0
26,0,0
26,1,22
26,2,616
26,3,835
26,4,951
26,5,561
26,6,913
26,7,85
26,8,530
26,9,93
26,10,825
26,11,481
26,12,895
26,13,22
26,14,0
27,0,0
27,1,1021
27,2,987
27,3,432
27,4,556
27,5,1022
27,6,654
27,7,353
27,8,674
27,9,17
27,10,895
27,11,22
27,12,0
28,0,0
28,1,22
28,2,895
28,3,17
28,4,364
28,5,233
28,6,866
28,7,861
28,8,866
28,9,296
28,10,883
28,11,296
28,12,297
28,13,773
28,14,20
28,15,22
28,16,0
29,0,0
29,1,22
29,2,895
29,3,201
29,4,777
29,5,336
29,6,954
29,7,939
29,8,209
29,9,1025
29,10,209
29,11,604
29,12,265
29,13,1021
29,14,0
30,0,0
30,1,22
30,2,20
30,3,553
30,4,57
30,5,651
30,6,719
30,7,651
30,8,57
30,9,440
30,10,728
30,11,541
30,12,240
30,13,34
30,14,277
30,15,466
30,16,583
30,17,0
31,0,0
31,1,1021
31,2,265
31,3,604
31,4,320
31,5,135
31,6,48
31,7,596
31,8,292
31,9,152
31,10,600
31,11,616
31,12,22
31,13,0
32,0,0
32,1,150
32,2,447
32,3,199
32,4,758
32,5,235
32,6,227
32,7,827
32,8,493
32,9,150
32,10,0
33,0,0
33,1,22
33,2,20
33,3,553
33,4,195
33,5,581
33,6,771
33,7,581
33,8,374
33,9,842
33,10,747
33,11,25
33,12,161
33,13,583
33,14,0
34,0,0
34,1,22
34,2,20
34,3,693
34,4,564
34,5,260
34,6,408
34,7,198
34,8,408
34,9,929
34,10,394
34,11,568
34,12,637
34,13,101
34,14,813
34,15,290
34,16,490
34,17,582
34,18,447
34,19,150
34,20,0
35,0,0
35,1,22
35,2,20
35,3,343
35,4,278
35,5,766
35,6,361
35,7,783
35,8,357
35,9,890
35,10,800
35,11,890
35,12,153
35,13,447
35,14,150
35,15,0
36,0,0
36,1,22
36,2,304
36,3,75
36,4,463
36,5,445
36,6,864
36,7,670
36,8,911
36,9,635
36,10,319
36,11,836
36,12,150
36,13,0
37,0,0
37,1,22
37,2,20
37,3,693
37,4,402
37,5,380
37,6,988
37,7,380
37,8,29
37,9,678
37,10,647
37,11,459
37,12,317
37,13,42
37,14,310
37,15,684
37,16,567
37,17,161
37,18,583
37,19,0
38,0,0
38,1,1021
38,2,265
38,3,604
38,4,863
38,5,741
38,6,863
38,7,290
38,8,734
38,9,220
38,10,562
38,11,377
38,12,727
38,13,495
38,14,35
38,15,495
38,16,588
38,17,905
38,18,692
38,19,161
38,20,583
38,21,0
39,0,0
39,1,583
39,2,161
39,3,13
39,4,295
39,5,375
39,6,380
39,7,254
39,8,427
39,9,731
39,10,576
39,11,693
39,12,20
39,13,22
39,14,0
40,0,0
40,1,583
40,2,161
40,3,13
40,4,84
40,5,543
40,6,407
40,7,543
40,8,119
40,9,634
40,10,541
40,11,768
40,12,80
40,13,250
40,14,960
40,15,846
40,16,895
40,17,22
40,18,0
41,0,0
41,1,583
41,2,161
41,3,692
41,4,645
41,5,944
41,6,50
41,7,523
41,8,50
41,9,681
41,10,691
41,11,91
41,12,906
41,13,538
41,14,692
41,15,161
41,16,583
41,17,0
42,0,0
42,1,583
42,2,161
42,3,25
42,4,747
42,5,141
42,6,539
42,7,151
42,8,832
42,9,67
42,10,708
42,11,276
42,12,538
42,13,692
42,14,161
42,15,583
42,16,0
43,0,0
43,1,1021
43,2,265
43,3,604
43,4,863
43,5,290
43,6,33
43,7,998
43,8,708
43,9,67
43,10,690
43,11,824
43,12,529
43,13,985
43,14,529
43,15,364
43,16,17
43,17,895
43,18,22
43,19,0
44,0,0
44,1,22
44,2,20
44,3,773
44,4,541
44,5,634
44,6,618
44,7,601
44,8,37
44,9,940
44,10,216
44,11,1001
44,12,889
44,13,1021
44,14,0
45,0,0
45,1,583
45,2,161
45,3,567
45,4,684
45,5,36
45,6,998
45,7,506
45,8,834
45,9,440
45,10,384
45,11,44
45,12,163
45,13,233
45,14,654
45,15,353
45,16,654
45,17,1022
45,18,150
45,19,0
46,0,0
46,1,583
46,2,161
46,3,692
46,4,538
46,5,406
46,6,117
46,7,111
46,8,51
46,9,178
46,10,540
46,11,130
46,12,725
46,13,59
46,14,567
46,15,161
46,16,583
46,17,0
47,0,0
47,1,150
47,2,1022
47,3,807
47,4,497
47,5,807
47,6,14
47,7,796
47,8,949
47,9,103
47,10,504
47,11,3
47,12,412
47,13,12
47,14,616
47,15,22
47,16,0
48,0,0
48,1,150
48,2,447
48,3,582
48,4,650
48,5,327
48,6,650
48,7,964
48,8,325
48,9,834
48,10,440
48,11,181
48,12,429
48,13,336
48,14,954
48,15,431
48,16,264
48,17,272
48,18,723
48,19,956
48,20,932
48,21,956
48,22,723
48,23,651
48,24,57
48,25,553
48,26,20
48,27,22
48,28,0
49,0,0
49,1,22
49,2,20
49,3,343
49,4,278
49,5,766
49,6,572
49,7,802
49,8,836
49,9,150
49,10,0
50,0,0
50,1,583
50,2,161
50,3,692
50,4,538
50,5,276
50,6,670
50,7,276
50,8,66
50,9,636
50,10,425
50,11,368
50,12,425
50,13,181
50,14,440
50,15,57
50,16,553
50,17,20
50,18,22
50,19,0
51,0,0
51,1,22
51,2,895
51,3,481
51,4,825
51,5,93
51,6,530
51,7,899
51,8,454
51,9,906
51,10,369
51,11,607
51,12,508
51,13,910
51,14,265
51,15,1021
51,16,0
52,0,0
52,1,22
52,2,20
52,3,773
52,4,259
52,5,69
52,6,983
52,7,69
52,8,993
52,9,141
52,10,539
52,11,151
52,12,303
52,13,726
52,14,769
52,15,535
52,16,620
52,17,612
52,18,236
52,19,0
53,0,0
53,1,583
53,2,161
53,3,13
53,4,84
53,5,543
53,6,407
53,7,306
53,8,61
53,9,704
53,10,205
53,11,178
53,12,196
53,13,466
53,14,583
53,15,0
54,0,0
54,1,583
54,2,161
54,3,692
54,4,645
54,5,419
54,6,63
54,7,419
54,8,645
54,9,692
54,10,905
54,11,588
54,12,751
54,13,598
54,14,840
54,15,317
54,16,42
54,17,966
54,18,129
54,19,966
54,20,139
54,21,382
54,22,1021
54,23,0
55,0,0
55,1,22
55,2,616
55,3,104
55,4,891
55,5,653
55,6,214
55,7,438
55,8,652
55,9,476
55,10,829
55,11,881
55,12,126
55,13,583
55,14,0
56,0,0
56,1,22
56,2,616
56,3,411
56,4,418
56,5,950
56,6,269
56,7,988
56,8,380
56,9,29
56,10,1002
56,11,29
56,12,1001
56,13,889
56,14,1021
56,15,0
57,0,0
57,1,22
57,2,20
57,3,553
57,4,57
57,5,651
57,6,723
57,7,979
57,8,689
57,9,777
57,10,546
57,11,834
57,12,506
57,13,1017
57,14,229
57,15,13
57,16,161
57,17,583
57,18,0
58,0,0
58,1,583
58,2,161
58,3,13
58,4,84
58,5,543
58,6,685
58,7,45
58,8,679
58,9,480
58,10,607
58,11,369
58,12,607
58,13,508
58,14,910
58,15,265
58,16,1021
58,17,0
59,0,0
59,1,1021
59,2,265
59,3,403
59,4,422
59,5,225
59,6,699
59,7,410
59,8,950
59,9,671
59,10,799
59,11,802
59,12,836
59,13,150
59,14,0
60,0,0
60,1,150
60,2,447
60,3,582
60,4,490
60,5,565
60,6,490
60,7,308
60,8,28
60,9,842
60,10,185
60,11,114
60,12,320
60,13,604
60,14,265
60,15,1021
60,16,0
61,0,0
61,1,583
61,2,161
61,3,567
61,4,684
61,5,310
61,6,42
61,7,317
61,8,42
61,9,513
61,10,221
61,11,717
61,12,643
61,13,1019
61,14,68
61,15,10
61,16,825
61,17,481
61,18,895
61,19,22
61,20,0
62,0,0
62,1,150
62,2,447
62,3,199
62,4,239
62,5,520
62,6,272
62,7,264
62,8,431
62,9,954
62,10,939
62,11,441
62,12,32
62,13,657
62,14,32
62,15,441
62,16,939
62,17,588
62,18,905
62,19,692
62,20,161
62,21,583
62,22,0
63,0,0
63,1,583
63,2,98
63,3,764
63,4,85
63,5,688
63,6,147
63,7,106
63,8,70
63,9,689
63,10,887
63,11,608
63,12,851
63,13,304
63,14,22
63,15,0
64,0,0
64,1,583
64,2,161
64,3,692
64,4,645
64,5,944
64,6,50
64,7,24
64,8,1001
64,9,216
64,10,398
64,11,924
64,12,48
64,13,924
64,14,16
64,15,286
64,16,334
64,17,699
64,18,234
64,19,756
64,20,892
64,21,161
64,22,583
64,23,0
65,0,0
65,1,1021
65,2,265
65,3,146
65,4,208
65,5,109
65,6,208
65,7,650
65,8,964
65,9,325
65,10,630
65,11,828
65,12,282
65,13,793
65,14,345
65,15,275
65,16,25
65,17,161
65,18,583
65,19,0
66,0,0
66,1,1021
66,2,382
66,3,253
66,4,26
66,5,178
66,6,205
66,7,965
66,8,412
66,9,971
66,10,412
66,11,12
66,12,616
66,13,22
66,14,0
67,0,0
67,1,22
67,2,895
67,3,17
67,4,364
67,5,688
67,6,364
67,7,233
67,8,140
67,9,310
67,10,789
67,11,617
67,12,607
67,13,508
67,14,904
67,15,412
67,16,12
67,17,616
67,18,22
67,19,0
68,0,0
68,1,236
68,2,948
68,3,660
68,4,859
68,5,1011
68,6,107
68,7,310
68,8,42
68,9,331
68,10,137
68,11,331
68,12,651
68,13,57
68,14,553
68,15,20
68,16,22
68,17,0
69,0,0
69,1,22
69,2,895
69,3,17
69,4,267
69,5,132
69,6,924
69,7,48
69,8,535
69,9,769
69,10,464
69,11,675
69,12,128
69,13,1022
69,14,150
69,15,0
70,0,0
70,1,22
70,2,20
70,3,1004
70,4,513
70,5,173
70,6,602
70,7,2
70,8,644
70,9,451
70,10,947
70,11,999
70,12,813
70,13,427
70,14,19
70,15,102
70,16,514
70,17,20
70,18,22
70,19,0
71,0,0
71,1,150
71,2,836
71,3,319
71,4,671
71,5,950
71,6,681
71,7,816
71,8,54
71,9,143
71,10,845
71,11,925
71,12,930
71,13,885
71,14,472
71,15,588
71,16,495
71,17,727
71,18,113
71,19,340
71,20,851
71,21,304
71,22,22
71,23,0
72,0,0
72,1,22
72,2,20
72,3,693
72,4,564
72,5,260
72,6,187
72,7,717
72,8,643
72,9,112
72,10,672
72,11,522
72,12,901
72,13,648
72,14,553
72,15,20
72,16,22
72,17,0
73,0,0
73,1,22
73,2,20
73,3,773
73,4,541
73,5,561
73,6,815
73,7,376
73,8,165
73,9,376
73,10,815
73,11,561
73,12,748
73,13,606
73,14,548
73,15,506
73,16,834
73,17,546
73,18,895
73,19,22
73,20,0
74,0,0
74,1,22
74,2,378
74,3,791
74,4,76
74,5,586
74,6,140
74,7,561
74,8,743
74,9,588
74,10,905
74,11,692
74,12,161
74,13,583
74,14,0
75,0,0
75,1,22
75,2,20
75,3,773
75,4,603
75,5,855
75,6,603
75,7,773
75,8,20
75,9,22
75,10,895
75,11,481
75,12,895
75,13,22
75,14,0
76,0,0
76,1,583
76,2,161
76,3,25
76,4,149
76,5,486
76,6,713
76,7,654
76,8,233
76,9,364
76,10,312
76,11,102
76,12,937
76,13,618
76,14,634
76,15,541
76,16,773
76,17,20
76,18,22
76,19,0
77,0,0
77,1,22
77,2,20
77,3,553
77,4,57
77,5,651
77,6,719
77,7,651
77,8,940
77,9,744
77,10,936
77,11,260
77,12,610
77,13,317
77,14,500
77,15,48
77,16,924
77,17,398
77,18,559
77,19,150
77,20,0
78,0,0
78,1,583
78,2,466
78,3,277
78,4,352
78,5,460
78,6,453
78,7,460
78,8,468
78,9,1012
78,10,43
78,11,533
78,12,271
78,13,912
78,14,274
78,15,493
78,16,150
78,17,0
79,0,0
79,1,22
79,2,616
79,3,12
79,4,927
79,5,42
79,6,310
79,7,140
79,8,233
79,9,654
79,10,1022
79,11,150
79,12,0
80,0,0
80,1,1021
80,2,889
80,3,335
80,4,21
80,5,681
80,6,950
80,7,418
80,8,411
80,9,795
80,10,318
80,11,656
80,12,360
80,13,273
80,14,407
80,15,543
80,16,84
80,17,13
80,18,161
80,19,583
80,20,0
81,0,0
81,1,583
81,2,161
81,3,567
81,4,181
81,5,440
81,6,834
81,7,531
81,8,217
81,9,513
81,10,1004
81,11,20
81,12,22
81,13,0
82,0,0
82,1,22
82,2,616
82,3,835
82,4,644
82,5,451
82,6,6
82,7,451
82,8,747
82,9,842
82,10,557
82,11,928
82,12,805
82,13,530
82,14,93
82,15,825
82,16,481
82,17,895
82,18,22
82,19,0
83,0,0
83,1,583
83,2,161
83,3,692
83,4,645
83,5,419
83,6,731
83,7,5
83,8,138
83,9,3
83,10,412
83,11,12
83,12,616
83,13,22
83,14,0
84,0,0
84,1,150
84,2,447
84,3,199
84,4,758
84,5,976
84,6,587
84,7,967
84,8,572
84,9,850
84,10,401
84,11,272
84,12,18
84,13,434
84,14,161
84,15,583
84,16,0
85,0,0
85,1,22
85,2,20
85,3,553
85,4,648
85,5,553
85,6,195
85,7,140
85,8,310
85,9,684
85,10,36
85,11,684
85,12,567
85,13,161
85,14,583
85,15,0
86,0,0
86,1,22
86,2,895
86,3,481
86,4,825
86,5,10
86,6,68
86,7,968
86,8,155
86,9,36
86,10,684
86,11,310
86,12,164
86,13,310
86,14,684
86,15,243
86,16,903
86,17,379
86,18,399
86,19,379
86,20,236
86,21,0
87,0,0
87,1,22
87,2,616
87,3,411
87,4,418
87,5,950
87,6,680
87,7,950
87,8,418
87,9,411
87,10,616
87,11,104
87,12,616
87,13,22
87,14,0
88,0,0
88,1,583
88,2,161
88,3,567
88,4,59
88,5,725
88,6,680
88,7,950
88,8,341
88,9,865
88,10,290
88,11,33
88,12,724
88,13,365
88,14,724
88,15,33
88,16,290
88,17,863
88,18,604
88,19,265
88,20,1021
88,21,0
89,0,0
89,1,583
89,2,161
89,3,692
89,4,683
89,5,628
89,6,683
89,7,939
89,8,588
89,9,495
89,10,727
89,11,955
89,12,744
89,13,940
89,14,651
89,15,57
89,16,553
89,17,20
89,18,22
89,19,0
90,0,0
90,1,1021
90,2,987
90,3,432
90,4,556
90,5,776
90,6,653
90,7,776
90,8,433
90,9,315
90,10,247
90,11,580
90,12,590
90,13,130
90,14,725
90,15,59
90,16,567
90,17,161
90,18,583
90,19,0
91,0,0
91,1,150
91,2,493
91,3,827
91,4,227
91,5,827
91,6,493
91,7,251
91,8,493
91,9,692
91,10,905
91,11,478
91,12,806
91,13,280
91,14,806
91,15,139
91,16,382
91,17,1021
91,18,0
92,0,0
92,1,583
92,2,161
92,3,13
92,4,295
92,5,413
92,6,295
92,7,36
92,8,684
92,9,310
92,10,140
92,11,561
92,12,541
92,13,773
92,14,20
92,15,22
92,16,0
93,0,0
93,1,583
93,2,466
93,3,277
93,4,975
93,5,505
93,6,823
93,7,244
93,8,823
93,9,824
93,10,234
93,11,756
93,12,881
93,13,493
93,14,150
93,15,0
94,0,0
94,1,22
94,2,616
94,3,12
94,4,927
94,5,555
94,6,23
94,7,555
94,8,927
94,9,12
94,10,399
94,11,457
94,12,267
94,13,17
94,14,895
94,15,22
94,16,0
95,0,0
95,1,583
95,2,161
95,3,567
95,4,684
95,5,36
95,6,998
95,7,33
95,8,290
95,9,490
95,10,290
95,11,734
95,12,220
95,13,562
95,14,377
95,15,562
95,16,220
95,17,783
95,18,620
95,19,612
95,20,236
95,21,0
96,0,0
96,1,22
96,2,895
96,3,481
96,4,825
96,5,10
96,6,252
96,7,1024
96,8,779
96,9,262
96,10,972
96,11,40
96,12,156
96,13,599
96,14,620
96,15,612
96,16,236
96,17,0
97,0,0
97,1,22
97,2,20
97,3,514
97,4,715
97,5,392
97,6,715
97,7,802
97,8,572
97,9,766
97,10,956
97,11,723
97,12,561
97,13,140
97,14,498
97,15,141
97,16,993
97,17,573
97,18,179
97,19,716
97,20,588
97,21,905
97,22,692
97,23,161
97,24,583
97,25,0
98,0,0
98,1,583
98,2,161
98,3,692
98,4,425
98,5,893
98,6,828
98,7,630
98,8,828
98,9,575
98,10,10
98,11,813
98,12,290
98,13,676
98,14,271
98,15,41
98,16,891
98,17,867
98,18,767
98,19,811
98,20,767
98,21,22
98,22,0
99,0,0
99,1,22
99,2,895
99,3,846
99,4,960
99,5,954
99,6,470
99,7,746
99,8,893
99,9,425
99,10,692
99,11,161
99,12,583
99,13,0
100,0,0
100,1,22
100,2,304
100,3,631
100,4,551
100,5,159
100,6,623
100,7,546
100,8,834
100,9,506
100,10,998
100,11,708
100,12,1007
100,13,614
100,14,513
100,15,173
100,16,819
100,17,173
100,18,513
100,19,1004
100,20,20
100,21,22
100,22,0
101,0,0
101,1,583
101,2,161
101,3,692
101,4,538
101,5,276
101,6,670
101,7,911
101,8,670
101,9,276
101,10,708
101,11,508
101,12,910
101,13,265
101,14,403
101,15,422
101,16,350
101,17,422
101,18,124
101,19,534
101,20,123
101,21,280
101,22,806
101,23,139
101,24,382
101,25,1021
101,26,0
102,0,0
102,1,1021
102,2,265
102,3,146
102,4,315
102,5,155
102,6,936
102,7,801
102,8,871
102,9,600
102,10,1015
102,11,450
102,12,889
102,13,1021
102,14,0
103,0,0
103,1,150
103,2,447
103,3,582
103,4,447
103,5,150
103,6,762
103,7,1027
103,8,762
103,9,139
103,10,382
103,11,1021
103,12,0
104,0,0
104,1,583
104,2,161
104,3,692
104,4,905
104,5,588
104,6,939
104,7,359
104,8,322
104,9,580
104,10,247
104,11,345
104,12,275
104,13,25
104,14,161
104,15,583
104,16,0
105,0,0
105,1,22
105,2,304
105,3,631
105,4,44
105,5,163
105,6,233
105,7,140
105,8,195
105,9,581
105,10,374
105,11,707
105,12,296
105,13,611
105,14,1010
105,15,123
105,16,1010
105,17,695
105,18,571
105,19,752
105,20,1022
105,21,150
105,22,0
106,0,0
106,1,150
106,2,447
106,3,199
106,4,758
106,5,976
106,6,587
106,7,976
106,8,758
106,9,199
106,10,447
106,11,150
106,12,493
106,13,241
106,14,493
106,15,150
106,16,0
107,0,0
107,1,583
107,2,466
107,3,277
107,4,975
107,5,1023
107,6,235
107,7,996
107,8,41
107,9,891
107,10,653
107,11,891
107,12,104
107,13,616
107,14,22
107,15,0
108,0,0
108,1,1021
108,2,265
108,3,403
108,4,422
108,5,124
108,6,574
108,7,789
108,8,468
108,9,460
108,10,532
108,11,87
108,12,828
108,13,893
108,14,425
108,15,692
108,16,161
108,17,583
108,18,0
109,0,0
109,1,1021
109,2,265
109,3,604
109,4,62
109,5,894
109,6,41
109,7,891
109,8,104
109,9,690
109,10,532
109,11,460
109,12,468
109,13,952
109,14,137
109,15,331
109,16,651
109,17,57
109,18,553
109,19,20
109,20,22
109,21,0
110,0,0
110,1,583
110,2,161
110,3,13
110,4,295
110,5,375
110,6,380
110,7,29
110,8,1001
110,9,216
110,10,398
110,11,924
110,12,48
110,13,924
110,14,398
110,15,559
110,16,150
110,17,0
111,0,0
111,1,583
111,2,161
111,3,892
111,4,480
111,5,426
111,6,480
111,7,220
111,8,783
111,9,357
111,10,15
111,11,458
111,12,908
111,13,432
111,14,987
111,15,1021
111,16,0
112,0,0
112,1,583
112,2,161
112,3,692
112,4,538
112,5,406
112,6,606
112,7,406
112,8,310
112,9,164
112,10,310
112,11,684
112,12,567
112,13,161
112,14,583
112,15,0
113,0,0
113,1,583
113,2,98
113,3,532
113,4,87
113,5,206
113,6,78
113,7,970
113,8,781
113,9,822
113,10,781
113,11,402
113,12,853
113,13,996
113,14,41
113,15,271
113,16,501
113,17,188
113,18,197
113,19,150
113,20,0
114,0,0
114,1,22
114,2,20
114,3,693
114,4,576
114,5,300
114,6,576
114,7,693
114,8,20
114,9,22
114,10,616
114,11,104
114,12,616
114,13,22
114,14,0
115,0,0
115,1,22
115,2,895
115,3,846
115,4,21
115,5,211
115,6,190
115,7,211
115,8,21
115,9,335
115,10,387
115,11,395
115,12,357
115,13,545
115,14,357
115,15,302
115,16,961
115,17,567
115,18,161
115,19,583
115,20,0
116,0,0
116,1,583
116,2,161
116,3,25
116,4,149
116,5,831
116,6,574
116,7,420
116,8,512
116,9,958
116,10,119
116,11,89
116,12,161
116,13,583
116,14,0
117,0,0
117,1,22
117,2,20
117,3,343
117,4,278
117,5,437
117,6,315
117,7,303
117,8,151
117,9,539
117,10,584
117,11,818
117,12,669
117,13,84
117,14,543
117,15,685
117,16,45
117,17,423
117,18,571
117,19,752
117,20,721
117,21,752
117,22,1022
117,23,150
117,24,0
118,0,0
118,1,1021
118,2,987
118,3,637
118,4,568
118,5,41
118,6,271
118,7,912
118,8,851
118,9,807
118,10,497
118,11,807
118,12,1022
118,13,150
118,14,0
119,0,0
119,1,583
119,2,161
119,3,692
119,4,645
119,5,285
119,6,516
119,7,285
119,8,645
119,9,692
119,10,538
119,11,406
119,12,117
119,13,370
119,14,117
119,15,406
119,16,538
119,17,692
119,18,161
119,19,583
119,20,0
120,0,0
120,1,22
120,2,304
120,3,75
120,4,759
120,5,53
120,6,167
120,7,154
120,8,813
120,9,597
120,10,727
120,11,113
120,12,435
120,13,113
120,14,340
120,15,851
120,16,304
120,17,22
120,18,0
121,0,0
121,1,22
121,2,20
121,3,773
121,4,541
121,5,634
121,6,119
121,7,488
121,8,825
121,9,93
121,10,202
121,11,916
121,12,844
121,13,916
121,14,991
121,15,370
121,16,117
121,17,258
121,18,300
121,19,576
121,20,693
121,21,20
121,22,22
121,23,0
122,0,0
122,1,1021
122,2,265
122,3,604
122,4,320
122,5,114
122,6,373
122,7,206
122,8,87
122,9,532
122,10,14
122,11,796
122,12,891
122,13,104
122,14,616
122,15,22
122,16,0
123,0,0
123,1,150
123,2,493
123,3,492
123,4,769
123,5,464
123,6,769
123,7,492
123,8,493
123,9,274
123,10,912
123,11,851
123,12,531
123,13,404
123,14,768
123,15,541
123,16,773
123,17,20
123,18,22
123,19,0
124,0,0
124,1,583
124,2,161
124,3,567
124,4,684
124,5,243
124,6,684
124,7,310
124,8,42
124,9,513
124,10,962
124,11,481
124,12,895
124,13,22
124,14,0
125,0,0
125,1,583
125,2,161
125,3,692
125,4,645
125,5,91
125,6,645
125,7,692
125,8,493
125,9,803
125,10,493
125,11,150
125,12,0
126,0,0
126,1,22
126,2,304
126,3,75
126,4,759
126,5,873
126,6,797
126,7,873
126,8,423
126,9,996
126,10,235
126,11,758
126,12,199
126,13,447
126,14,150
126,15,0
127,0,0
127,1,236
127,2,379
127,3,903
127,4,760
127,5,947
127,6,999
127,7,661
127,8,134
127,9,729
127,10,134
127,11,661
127,12,241
127,13,493
127,14,150
127,15,0
128,0,0
128,1,150
128,2,1022
128,3,752
128,4,571
128,5,695
128,6,503
128,7,43
128,8,1012
128,9,86
128,10,274
128,11,493
128,12,150
128,13,0
129,0,0
129,1,583
129,2,161
129,3,25
129,4,149
129,5,831
129,6,149
129,7,913
129,8,537
129,9,873
129,10,759
129,11,75
129,12,304
129,13,22
129,14,0
130,0,0
130,1,22
130,2,895
130,3,846
130,4,663
130,5,934
130,6,621
130,7,111
130,8,156
130,9,599
130,10,620
130,11,783
130,12,361
130,13,783
130,14,620
130,15,612
130,16,236
130,17,0
131,0,0
131,1,22
131,2,20
131,3,693
131,4,576
131,5,731
131,6,427
131,7,731
131,8,576
131,9,300
131,10,258
131,11,994
131,12,258
131,13,300
131,14,576
131,15,693
131,16,20
131,17,22
131,18,0
132,0,0
132,1,236
132,2,612
132,3,620
132,4,783
132,5,487
132,6,834
132,7,325
132,8,630
132,9,828
132,10,893
132,11,425
132,12,692
132,13,161
132,14,583
132,15,0
133,0,0
133,1,22
133,2,304
133,3,851
133,4,531
133,5,851
133,6,304
133,7,22
133,8,0
134,0,0
134,1,22
134,2,615
134,3,55
134,4,615
134,5,22
134,6,895
134,7,481
134,8,825
134,9,93
134,10,202
134,11,329
134,12,62
134,13,604
134,14,265
134,15,1021
134,16,0
135,0,0
135,1,583
135,2,161
135,3,13
135,4,295
135,5,430
135,6,295
135,7,36
135,8,684
135,9,310
135,10,866
135,11,233
135,12,364
135,13,17
135,14,895
135,15,22
135,16,0
136,0,0
136,1,150
136,2,493
136,3,274
136,4,912
136,5,271
136,6,533
136,7,271
136,8,912
136,9,851
136,10,981
136,11,1006
136,12,698
136,13,1006
136,14,481
136,15,895
136,16,22
136,17,0
137,0,0
137,1,22
137,2,616
137,3,411
137,4,418
137,5,950
137,6,680
137,7,725
137,8,927
137,9,224
137,10,178
137,11,196
137,12,466
137,13,583
137,14,0
138,0,0
138,1,583
138,2,161
138,3,13
138,4,295
138,5,1008
138,6,175
138,7,1008
138,8,849
138,9,598
138,10,840
138,11,718
138,12,75
138,13,304
138,14,22
138,15,0
139,0,0
139,1,1021
139,2,889
139,3,335
139,4,636
139,5,362
139,6,121
139,7,465
139,8,503
139,9,667
139,10,578
139,11,543
139,12,119
139,13,439
139,14,542
139,15,67
139,16,708
139,17,276
139,18,538
139,19,692
139,20,161
139,21,583
139,22,0
140,0,0
140,1,150
140,2,493
140,3,492
140,4,769
140,5,464
140,6,675
140,7,128
140,8,1022
140,9,752
140,10,571
140,11,300
140,12,576
140,13,693
140,14,20
140,15,22
140,16,0
141,0,0
141,1,583
141,2,161
141,3,892
141,4,658
141,5,896
141,6,658
141,7,931
141,8,243
141,9,684
141,10,310
141,11,164
141,12,843
141,13,620
141,14,612
141,15,236
141,16,0
142,0,0
142,1,22
142,2,895
142,3,481
142,4,1006
142,5,481
142,6,895
142,7,22
142,8,20
142,9,382
142,10,1021
142,11,0
143,0,0
143,1,22
143,2,20
143,3,514
143,4,102
143,5,784
143,6,632
143,7,784
143,8,102
143,9,514
143,10,208
143,11,650
143,12,964
143,13,650
143,14,582
143,15,447
143,16,150
143,17,0
144,0,0
144,1,22
144,2,616
144,3,12
144,4,77
144,5,673
144,6,76
144,7,193
144,8,1008
144,9,295
144,10,13
144,11,161
144,12,583
144,13,0
145,0,0
145,1,150
145,2,493
145,3,274
145,4,299
145,5,274
145,6,493
145,7,803
145,8,858
145,9,422
145,10,403
145,11,265
145,12,1021
145,13,0
146,0,0
146,1,1021
146,2,987
146,3,432
146,4,908
146,5,209
146,6,604
146,7,826
146,8,662
146,9,96
146,10,873
146,11,759
146,12,75
146,13,304
146,14,22
146,15,0
147,0,0
147,1,583
147,2,161
147,3,692
147,4,905
147,5,588
147,6,686
147,7,423
147,8,45
147,9,685
147,10,543
147,11,84
147,12,528
147,13,289
147,14,528
147,15,84
147,16,13
147,17,161
147,18,583
147,19,0
148,0,0
148,1,150
148,2,447
148,3,582
148,4,324
148,5,826
148,6,604
148,7,320
148,8,604
148,9,62
148,10,779
148,11,62
148,12,604
148,13,265
148,14,1021
148,15,0
149,0,0
149,1,583
149,2,161
149,3,13
149,4,257
149,5,405
149,6,257
149,7,380
149,8,988
149,9,269
149,10,950
149,11,410
149,12,622
149,13,907
149,14,457
149,15,267
149,16,17
149,17,895
149,18,22
149,19,0
150,0,0
150,1,583
150,2,161
150,3,692
150,4,538
150,5,276
150,6,670
150,7,911
150,8,670
150,9,544
150,10,239
150,11,824
150,12,690
150,13,104
150,14,616
150,15,22
150,16,0
151,0,0
151,1,150
151,2,479
151,3,174
151,4,479
151,5,150
151,6,493
151,7,881
151,8,126
151,9,881
151,10,493
151,11,142
151,12,809
151,13,992
151,14,461
151,15,144
151,16,631
151,17,304
151,18,22
151,19,0
152,0,0
152,1,22
152,2,895
152,3,481
152,4,798
152,5,655
152,6,798
152,7,97
152,8,306
152,9,407
152,10,273
152,11,407
152,12,543
152,13,84
152,14,13
152,15,161
152,16,583
152,17,0
153,0,0
153,1,583
153,2,161
153,3,692
153,4,425
153,5,368
153,6,794
153,7,535
153,8,48
153,9,924
153,10,16
153,11,601
153,12,835
153,13,616
153,14,22
153,15,0
154,0,0
154,1,583
154,2,161
154,3,692
154,4,905
154,5,588
154,6,939
154,7,441
154,8,666
154,9,168
154,10,666
154,11,441
154,12,939
154,13,209
154,14,344
154,15,447
154,16,150
154,17,0
155,0,0
155,1,583
155,2,161
155,3,567
155,4,181
155,5,440
155,6,834
155,7,506
155,8,998
155,9,36
155,10,684
155,11,567
155,12,161
155,13,583
155,14,0
156,0,0
156,1,583
156,2,161
156,3,692
156,4,645
156,5,285
156,6,885
156,7,285
156,8,645
156,9,364
156,10,233
156,11,140
156,12,310
156,13,164
156,14,310
156,15,684
156,16,567
156,17,161
156,18,583
156,19,0
157,0,0
157,1,150
157,2,1022
157,3,200
157,4,670
157,5,276
157,6,66
157,7,636
157,8,454
157,9,899
157,10,530
157,11,805
157,12,928
157,13,557
157,14,47
157,15,201
157,16,895
157,17,22
157,18,0
158,0,0
158,1,583
158,2,161
158,3,692
158,4,683
158,5,939
158,6,209
158,7,604
158,8,678
158,9,240
158,10,34
158,11,277
158,12,466
158,13,583
158,14,0
159,0,0
159,1,150
159,2,559
159,3,223
159,4,536
159,5,164
159,6,310
159,7,684
159,8,243
159,9,1013
159,10,243
159,11,755
159,12,877
159,13,74
159,14,595
159,15,905
159,16,692
159,17,161
159,18,583
159,19,0
160,0,0
160,1,22
160,2,304
160,3,75
160,4,759
160,5,351
160,6,332
160,7,714
160,8,171
160,9,115
160,10,171
160,11,948
160,12,236
160,13,0
161,0,0
161,1,22
161,2,20
161,3,343
161,4,980
161,5,892
161,6,658
161,7,931
161,8,489
161,9,759
161,10,75
161,11,304
161,12,22
161,13,0
162,0,0
162,1,22
162,2,895
162,3,481
162,4,825
162,5,10
162,6,68
162,7,968
162,8,68
162,9,10
162,10,813
162,11,101
162,12,761
162,13,795
162,14,318
162,15,656
162,16,360
162,17,1004
162,18,20
162,19,22
162,20,0
163,0,0
163,1,22
163,2,20
163,3,773
163,4,259
163,5,160
163,6,259
163,7,773
163,8,20
163,9,693
163,10,662
163,11,826
163,12,604
163,13,62
163,14,329
163,15,757
163,16,546
163,17,895
163,18,22
163,19,0
164,0,0
164,1,236
164,2,612
164,3,620
164,4,783
164,5,220
164,6,562
164,7,377
164,8,709
164,9,849
164,10,598
164,11,751
164,12,687
164,13,517
164,14,210
164,15,379
164,16,447
164,17,415
164,18,404
164,19,531
164,20,186
164,21,531
164,22,851
164,23,304
164,24,22
164,25,0
165,0,0
165,1,236
165,2,612
165,3,620
165,4,599
165,5,849
165,6,530
165,7,93
165,8,581
165,9,771
165,10,581
165,11,195
165,12,553
165,13,20
165,14,22
165,15,0
166,0,0
166,1,583
166,2,161
166,3,692
166,4,538
166,5,276
166,6,708
166,7,67
166,8,542
166,9,672
166,10,522
166,11,460
166,12,453
166,13,875
166,14,914
166,15,875
166,16,453
166,17,460
166,18,352
166,19,277
166,20,466
166,21,583
166,22,0
167,0,0
167,1,22
167,2,895
167,3,17
167,4,674
167,5,420
167,6,1026
167,7,217
167,8,531
167,9,834
167,10,325
167,11,838
167,12,794
167,13,259
167,14,773
167,15,20
167,16,22
167,17,0
168,0,0
168,1,150
168,2,836
168,3,319
168,4,671
168,5,799
168,6,802
168,7,759
168,8,873
168,9,423
168,10,408
168,11,260
168,12,564
168,13,693
168,14,20
168,15,22
168,16,0
169,0,0
169,1,150
169,2,447
169,3,153
169,4,890
169,5,381
169,6,890
169,7,153
169,8,447
169,9,379
169,10,521
169,11,379
169,12,236
169,13,0
170,0,0
170,1,583
170,2,466
170,3,196
170,4,178
170,5,205
170,6,704
170,7,708
170,8,276
170,9,670
170,10,840
170,11,317
170,12,186
170,13,531
170,14,851
170,15,304
170,16,22
170,17,0
171,0,0
171,1,150
171,2,559
171,3,398
171,4,924
171,5,48
171,6,757
171,7,546
171,8,895
171,9,22
171,10,0
172,0,0
172,1,22
172,2,20
172,3,1004
172,4,513
172,5,173
172,6,602
172,7,958
172,8,512
172,9,594
172,10,441
172,11,939
172,12,588
172,13,905
172,14,692
172,15,161
172,16,583
172,17,0
173,0,0
173,1,22
173,2,895
173,3,17
173,4,267
173,5,316
173,6,1002
173,7,209
173,8,939
173,9,428
173,10,939
173,11,588
173,12,716
173,13,101
173,14,761
173,15,795
173,16,318
173,17,249
173,18,318
173,19,340
173,20,851
173,21,304
173,22,22
173,23,0
174,0,0
174,1,22
174,2,20
174,3,693
174,4,564
174,5,260
174,6,262
174,7,534
174,8,123
174,9,757
174,10,48
174,11,924
174,12,398
174,13,559
174,14,150
174,15,0
175,0,0
175,1,22
175,2,20
175,3,1004
175,4,513
175,5,70
175,6,513
175,7,42
175,8,310
175,9,684
175,10,243
175,11,755
175,12,243
175,13,684
175,14,567
175,15,161
175,16,583
175,17,0
176,0,0
176,1,150
176,2,493
176,3,274
176,4,912
176,5,271
176,6,533
176,7,271
176,8,676
176,9,388
176,10,742
176,11,969
176,12,342
176,13,746
176,14,105
176,15,686
176,16,588
176,17,905
176,18,692
176,19,161
176,20,583
176,21,0
177,0,0
177,1,150
177,2,559
177,3,398
177,4,924
177,5,48
177,6,924
177,7,735
177,8,549
177,9,938
177,10,549
177,11,508
177,12,910
177,13,265
177,14,1021
177,15,0
178,0,0
178,1,236
178,2,948
178,3,216
178,4,1001
178,5,29
178,6,380
178,7,402
178,8,781
178,9,970
178,10,781
178,11,402
178,12,693
178,13,20
178,14,22
178,15,0
179,0,0
179,1,583
179,2,161
179,3,692
179,4,204
179,5,753
179,6,909
179,7,753
179,8,704
179,9,205
179,10,178
179,11,540
179,12,201
179,13,895
179,14,22
179,15,0
180,0,0
180,1,236
180,2,379
180,3,13
180,4,161
180,5,567
180,6,59
180,7,567
180,8,161
180,9,583
180,10,0
181,0,0
181,1,22
181,2,20
181,3,693
181,4,564
181,5,260
181,6,246
181,7,260
181,8,936
181,9,155
181,10,315
181,11,194
181,12,350
181,13,422
181,14,403
181,15,265
181,16,1021
181,17,0
182,0,0
182,1,22
182,2,20
182,3,693
182,4,402
182,5,781
182,6,822
182,7,711
182,8,346
182,9,1010
182,10,695
182,11,547
182,12,710
182,13,149
182,14,25
182,15,161
182,16,583
182,17,0
183,0,0
183,1,22
183,2,304
183,3,851
183,4,531
183,5,186
183,6,531
183,7,851
183,8,912
183,9,49
183,10,912
183,11,274
183,12,493
183,13,150
183,14,0
184,0,0
184,1,1021
184,2,265
184,3,910
184,4,508
184,5,110
184,6,508
184,7,708
184,8,67
184,9,832
184,10,67
184,11,708
184,12,276
184,13,538
184,14,692
184,15,161
184,16,583
184,17,0
185,0,0
185,1,22
185,2,20
185,3,693
185,4,576
185,5,731
185,6,920
185,7,439
185,8,542
185,9,67
185,10,231
185,11,394
185,12,568
185,13,139
185,14,382
185,15,1021
185,16,0
186,0,0
186,1,150
186,2,836
186,3,608
186,4,851
186,5,912
186,6,874
186,7,921
186,8,678
186,9,629
186,10,104
186,11,616
186,12,22
186,13,0
187,0,0
187,1,583
187,2,161
187,3,692
187,4,645
187,5,419
187,6,231
187,7,394
187,8,568
187,9,394
187,10,929
187,11,817
187,12,929
187,13,394
187,14,568
187,15,139
187,16,382
187,17,1021
187,18,0
188,0,0
188,1,583
188,2,161
188,3,692
188,4,905
188,5,588
188,6,686
188,7,588
188,8,905
188,9,692
188,10,161
188,11,25
188,12,910
188,13,265
188,14,1021
188,15,0
189,0,0
189,1,583
189,2,466
189,3,196
189,4,466
189,5,583
189,6,161
189,7,692
189,8,645
189,9,285
189,10,885
189,11,930
189,12,885
189,13,285
189,14,645
189,15,692
189,16,161
189,17,583
189,18,0
190,0,0
190,1,22
190,2,20
190,3,773
190,4,603
190,5,855
190,6,421
190,7,456
190,8,421
190,9,407
190,10,273
190,11,360
190,12,656
190,13,814
190,14,935
190,15,950
190,16,269
190,17,988
190,18,380
190,19,257
190,20,13
190,21,161
190,22,583
190,23,0
191,0,0
191,1,22
191,2,895
191,3,201
191,4,47
191,5,201
191,6,895
191,7,22
191,8,0
192,0,0
192,1,22
192,2,20
192,3,553
192,4,648
192,5,553
192,6,57
192,7,651
192,8,379
192,9,549
192,10,938
192,11,549
192,12,508
192,13,904
192,14,412
192,15,965
192,16,412
192,17,12
192,18,616
192,19,22
192,20,0
193,0,0
193,1,583
193,2,161
193,3,692
193,4,905
193,5,588
193,6,686
193,7,588
193,8,939
193,9,209
193,10,604
193,11,62
193,12,173
193,13,513
193,14,1004
193,15,20
193,16,22
193,17,0
194,0,0
194,1,583
194,2,98
194,3,871
194,4,148
194,5,871
194,6,801
194,7,947
194,8,21
194,9,335
194,10,387
194,11,335
194,12,889
194,13,1021
194,14,0
195,0,0
195,1,150
195,2,836
195,3,319
195,4,635
195,5,319
195,6,923
195,7,427
195,8,254
195,9,281
195,10,498
195,11,141
195,12,223
195,13,559
195,14,150
195,15,0
196,0,0
196,1,583
196,2,161
196,3,692
196,4,905
196,5,588
196,6,716
196,7,179
196,8,716
196,9,101
196,10,813
196,11,290
196,12,490
196,13,586
196,14,224
196,15,178
196,16,196
196,17,466
196,18,583
196,19,0
197,0,0
197,1,150
197,2,559
197,3,212
197,4,485
197,5,177
197,6,864
197,7,670
197,8,544
197,9,239
197,10,520
197,11,239
197,12,199
197,13,447
197,14,150
197,15,0
198,0,0
198,1,150
198,2,447
198,3,199
198,4,707
198,5,199
198,6,447
198,7,150
198,8,493
198,9,827
198,10,493
198,11,150
198,12,0
199,0,0
199,1,236
199,2,379
199,3,399
199,4,457
199,5,96
199,6,137
199,7,990
199,8,360
199,9,1004
199,10,20
199,11,22
199,12,0
200,0,0
200,1,583
200,2,161
200,3,692
200,4,905
200,5,588
200,6,686
200,7,423
200,8,225
200,9,461
200,10,992
200,11,461
200,12,144
200,13,631
200,14,304
200,15,22
200,16,0
201,0,0
201,1,583
201,2,161
201,3,13
201,4,295
201,5,375
201,6,295
201,7,36
201,8,684
201,9,310
201,10,164
201,11,526
201,12,164
201,13,310
201,14,42
201,15,513
201,16,962
201,17,857
201,18,962
201,19,481
201,20,895
201,21,22
201,22,0
202,0,0
202,1,583
202,2,161
202,3,25
202,4,44
202,5,163
202,6,233
202,7,364
202,8,312
202,9,102
202,10,514
202,11,208
202,12,531
202,13,217
202,14,1026
202,15,747
202,16,122
202,17,207
202,18,13
202,19,161
202,20,583
202,21,0
203,0,0
203,1,22
203,2,895
203,3,846
203,4,21
203,5,211
203,6,502
203,7,384
203,8,440
203,9,148
203,10,869
203,11,401
203,12,869
203,13,116
203,14,798
203,15,481
203,16,895
203,17,22
203,18,0
204,0,0
204,1,583
204,2,466
204,3,196
204,4,178
204,5,8
204,6,735
204,7,924
204,8,48
204,9,90
204,10,626
204,11,82
204,12,287
204,13,518
204,14,905
204,15,692
204,16,161
204,17,583
204,18,0
205,0,0
205,1,22
205,2,20
205,3,693
205,4,564
205,5,740
205,6,152
205,7,316
205,8,1002
205,9,337
205,10,1002
205,11,29
205,12,1001
205,13,889
205,14,1021
205,15,0
206,0,0
206,1,22
206,2,767
206,3,867
206,4,28
206,5,308
206,6,28
206,7,842
206,8,747
206,9,1026
206,10,1016
206,11,345
206,12,275
206,13,25
206,14,161
206,15,583
206,16,0
207,0,0
207,1,1021
207,2,265
207,3,403
207,4,422
207,5,858
207,6,79
207,7,858
207,8,224
207,9,61
207,10,106
207,11,147
207,12,181
207,13,567
207,14,161
207,15,583
207,16,0
208,0,0
208,1,150
208,2,493
208,3,241
208,4,494
208,5,241
208,6,493
208,7,692
208,8,425
208,9,181
208,10,429
208,11,336
208,12,748
208,13,527
208,14,89
208,15,161
208,16,583
208,17,0
209,0,0
209,1,1021
209,2,265
209,3,403
209,4,422
209,5,468
209,6,952
209,7,8
209,8,178
209,9,26
209,10,253
209,11,571
209,12,752
209,13,99
209,14,772
209,15,99
209,16,752
209,17,1022
209,18,150
209,19,0
210,0,0
210,1,22
210,2,378
210,3,791
210,4,801
210,5,293
210,6,861
210,7,866
210,8,233
210,9,788
210,10,475
210,11,880
210,12,882
210,13,880
210,14,277
210,15,466
210,16,583
210,17,0
211,0,0
211,1,22
211,2,616
211,3,12
211,4,151
211,5,539
211,6,141
211,7,993
211,8,69
211,9,516
211,10,285
211,11,645
211,12,364
211,13,688
211,14,147
211,15,106
211,16,61
211,17,145
211,18,242
211,19,212
211,20,559
211,21,150
211,22,0
212,0,0
212,1,583
212,2,161
212,3,89
212,4,119
212,5,543
212,6,407
212,7,421
212,8,855
212,9,603
212,10,584
212,11,560
212,12,469
212,13,681
212,14,256
212,15,681
212,16,950
212,17,418
212,18,411
212,19,616
212,20,22
212,21,0
213,0,0
213,1,583
213,2,161
213,3,692
213,4,905
213,5,588
213,6,751
213,7,598
213,8,467
213,9,598
213,10,849
213,11,1008
213,12,193
213,13,56
213,14,193
213,15,203
213,16,736
213,17,880
213,18,172
213,19,64
213,20,480
213,21,892
213,22,161
213,23,583
213,24,0
214,0,0
214,1,1021
214,2,265
214,3,604
214,4,355
214,5,511
214,6,355
214,7,604
214,8,209
214,9,1001
214,10,29
214,11,694
214,12,212
214,13,559
214,14,150
214,15,0
215,0,0
215,1,22
215,2,304
215,3,75
215,4,759
215,5,489
215,6,931
215,7,243
215,8,684
215,9,310
215,10,164
215,11,536
215,12,353
215,13,654
215,14,1022
215,15,150
215,16,0
216,0,0
216,1,583
216,2,161
216,3,13
216,4,207
216,5,13
216,6,257
216,7,405
216,8,257
216,9,13
216,10,161
216,11,583
216,12,0
217,0,0
217,1,22
217,2,895
217,3,201
217,4,47
217,5,201
217,6,540
217,7,178
217,8,224
217,9,61
217,10,334
217,11,286
217,12,538
217,13,692
217,14,161
217,15,583
217,16,0
218,0,0
218,1,22
218,2,304
218,3,851
218,4,981
218,5,159
218,6,981
218,7,661
218,8,241
218,9,493
218,10,142
218,11,493
218,12,150
218,13,0
219,0,0
219,1,22
219,2,304
219,3,75
219,4,463
219,5,445
219,6,792
219,7,695
219,8,547
219,9,710
219,10,149
219,11,25
219,12,44
219,13,631
219,14,551
219,15,631
219,16,304
219,17,22
219,18,0
220,0,0
220,1,583
220,2,98
220,3,871
220,4,158
220,5,66
220,6,276
220,7,708
220,8,998
220,9,175
220,10,1008
220,11,193
220,12,1008
220,13,295
220,14,13
220,15,161
220,16,583
220,17,0
221,0,0
221,1,1021
221,2,265
221,3,604
221,4,678
221,5,240
221,6,541
221,7,773
221,8,297
221,9,773
221,10,20
221,11,22
221,12,0
222,0,0
222,1,583
222,2,161
222,3,892
222,4,658
222,5,931
222,6,243
222,7,684
222,8,36
222,9,295
222,10,9
222,11,295
222,12,13
222,13,161
222,14,583
222,15,0
223,0,0
223,1,583
223,2,161
223,3,567
223,4,684
223,5,310
223,6,684
223,7,243
223,8,903
223,9,760
223,10,774
223,11,806
223,12,245
223,13,806
223,14,774
223,15,760
223,16,903
223,17,876
223,18,671
223,19,799
223,20,802
223,21,836
223,22,150
223,23,0
224,0,0
224,1,236
224,2,948
224,3,171
224,4,714
224,5,332
224,6,221
224,7,154
224,8,521
224,9,1018
224,10,521
224,11,379
224,12,236
224,13,0
225,0,0
225,1,22
225,2,895
225,3,17
225,4,267
225,5,316
225,6,267
225,7,457
225,8,569
225,9,785
225,10,204
225,11,692
225,12,161
225,13,583
225,14,0
226,0,0
226,1,583
226,2,161
226,3,567
226,4,961
226,5,302
226,6,961
226,7,567
226,8,161
226,9,13
226,10,84
226,11,669
226,12,430
226,13,208
226,14,531
226,15,851
226,16,340
226,17,851
226,18,304
226,19,22
226,20,0
227,0,0
227,1,583
227,2,161
227,3,13
227,4,84
227,5,543
227,6,407
227,7,543
227,8,407
227,9,306
227,10,61
227,11,145
227,12,242
227,13,212
227,14,833
227,15,212
227,16,559
227,17,150
227,18,0
228,0,0
228,1,22
228,2,616
228,3,411
228,4,418
228,5,787
228,6,418
228,7,966
228,8,139
228,9,362
228,10,139
228,11,382
228,12,1021
228,13,0
229,0,0
229,1,22
229,2,20
229,3,773
229,4,297
229,5,296
229,6,707
229,7,654
229,8,353
229,9,654
229,10,1022
229,11,150
229,12,0
230,0,0
230,1,583
230,2,161
230,3,25
230,4,149
230,5,486
230,6,149
230,7,297
230,8,296
230,9,991
230,10,370
230,11,117
230,12,406
230,13,538
230,14,692
230,15,161
230,16,583
230,17,0
231,0,0
231,1,22
231,2,895
231,3,17
231,4,735
231,5,843
231,6,605
231,7,296
231,8,342
231,9,547
231,10,925
231,11,930
231,12,885
231,13,472
231,14,81
231,15,97
231,16,601
231,17,835
231,18,616
231,19,22
231,20,0
232,0,0
232,1,22
232,2,20
232,3,553
232,4,648
232,5,901
232,6,522
232,7,672
232,8,522
232,9,460
232,10,532
232,11,121
232,12,157
232,13,236
232,14,0
233,0,0
233,1,1021
233,2,987
233,3,637
233,4,101
233,5,761
233,6,795
233,7,318
233,8,249
233,9,318
233,10,340
233,11,851
233,12,304
233,13,22
233,14,0
234,0,0
234,1,1021
234,2,889
234,3,1001
234,4,216
234,5,940
234,6,651
234,7,379
234,8,521
234,9,379
234,10,236
234,11,0
235,0,0
235,1,22
235,2,616
235,3,12
235,4,412
235,5,12
235,6,616
235,7,835
235,8,644
235,9,2
235,10,602
235,11,118
235,12,156
235,13,599
235,14,620
235,15,612
235,16,236
235,17,0
236,0,0
236,1,22
236,2,20
236,3,693
236,4,662
236,5,900
236,6,662
236,7,826
236,8,604
236,9,320
236,10,114
236,11,185
236,12,803
236,13,493
236,14,150
236,15,0
237,0,0
237,1,22
237,2,304
237,3,851
237,4,981
237,5,661
237,6,241
237,7,493
237,8,492
237,9,633
237,10,195
237,11,553
237,12,20
237,13,22
237,14,0
238,0,0
238,1,150
238,2,493
238,3,274
238,4,912
238,5,271
238,6,176
238,7,271
238,8,912
238,9,274
238,10,299
238,11,274
238,12,493
238,13,150
238,14,0
239,0,0
239,1,583
239,2,161
239,3,567
239,4,684
239,5,310
239,6,42
239,7,317
239,8,459
239,9,317
239,10,42
239,11,966
239,12,139
239,13,568
239,14,139
239,15,382
239,16,1021
239,17,0
240,0,0
240,1,583
240,2,161
240,3,13
240,4,84
240,5,528
240,6,597
240,7,727
240,8,113
240,9,872
240,10,404
240,11,415
240,12,447
240,13,150
240,14,0
241,0,0
241,1,22
241,2,616
241,3,835
241,4,951
241,5,561
241,6,913
241,7,85
241,8,764
241,9,636
241,10,335
241,11,387
241,12,335
241,13,889
241,14,1021
241,15,0
242,0,0
242,1,22
242,2,616
242,3,600
242,4,1015
242,5,600
242,6,611
242,7,296
242,8,84
242,9,13
242,10,161
242,11,583
242,12,0
243,0,0
243,1,22
243,2,20
243,3,693
243,4,477
243,5,917
243,6,759
243,7,873
243,8,118
243,9,426
243,10,480
243,11,892
243,12,161
243,13,583
243,14,0
244,0,0
244,1,583
244,2,466
244,3,196
244,4,178
244,5,224
244,6,61
244,7,704
244,8,617
244,9,881
244,10,493
244,11,150
244,12,0
245,0,0
245,1,583
245,2,161
245,3,25
245,4,149
245,5,710
245,6,149
245,7,486
245,8,1026
245,9,217
245,10,531
245,11,404
245,12,531
245,13,208
245,14,430
245,15,295
245,16,9
245,17,295
245,18,13
245,19,161
245,20,583
245,21,0
246,0,0
246,1,583
246,2,161
246,3,692
246,4,538
246,5,276
246,6,708
246,7,591
246,8,708
246,9,998
246,10,506
246,11,834
246,12,531
246,13,851
246,14,912
246,15,271
246,16,41
246,17,568
246,18,139
246,19,382
246,20,1021
246,21,0
247,0,0
247,1,583
247,2,161
247,3,13
247,4,84
247,5,669
247,6,84
247,7,774
247,8,336
247,9,868
247,10,333
247,11,848
247,12,588
247,13,905
247,14,692
247,15,161
247,16,583
247,17,0
248,0,0
248,1,22
248,2,895
248,3,481
248,4,1006
248,5,698
248,6,782
248,7,698
248,8,921
248,9,865
248,10,341
248,11,355
248,12,604
248,13,265
248,14,1021
248,15,0
249,0,0
249,1,1021
249,2,265
249,3,910
249,4,508
249,5,607
249,6,617
249,7,704
249,8,61
249,9,145
249,10,242
249,11,212
249,12,559
249,13,150
249,14,0
250,0,0
250,1,150
250,2,447
250,3,582
250,4,650
250,5,964
250,6,325
250,7,964
250,8,650
250,9,1013
250,10,243
250,11,931
250,12,658
250,13,892
250,14,161
250,15,583
250,16,0
251,0,0
251,1,583
251,2,161
251,3,692
251,4,905
251,5,588
251,6,939
251,7,954
251,8,431
251,9,264
251,10,272
251,11,723
251,12,956
251,13,766
251,14,278
251,15,343
251,16,20
251,17,22
251,18,0
252,0,0
252,1,583
252,2,161
252,3,13
252,4,84
252,5,528
252,6,84
252,7,228
252,8,532
252,9,933
252,10,414
252,11,933
252,12,931
252,13,243
252,14,755
252,15,262
252,16,534
252,17,393
252,18,207
252,19,13
252,20,161
252,21,583
252,22,0
253,0,0
253,1,583
253,2,161
253,3,25
253,4,149
253,5,486
253,6,713
253,7,654
253,8,1022
253,9,150
253,10,0
254,0,0
254,1,150
254,2,493
254,3,241
254,4,661
254,5,241
254,6,493
254,7,692
254,8,645
254,9,285
254,10,885
254,11,285
254,12,645
254,13,692
254,14,161
254,15,583
254,16,0
255,0,0
255,1,22
255,2,20
255,3,773
255,4,259
255,5,180
255,6,539
255,7,151
255,8,832
255,9,67
255,10,994
255,11,258
255,12,784
255,13,102
255,14,937
255,15,411
255,16,616
255,17,22
255,18,0
256,0,0
256,1,22
256,2,20
256,3,773
256,4,603
256,5,855
256,6,421
256,7,456
256,8,293
256,9,801
256,10,947
256,11,999
256,12,661
256,13,134
256,14,588
256,15,686
256,16,105
256,17,841
256,18,571
256,19,752
256,20,1022
256,21,150
256,22,0
257,0,0
257,1,1021
257,2,265
257,3,403
257,4,422
257,5,124
257,6,574
257,7,789
257,8,617
257,9,560
257,10,118
257,11,738
257,12,131
257,13,308
257,14,28
257,15,867
257,16,767
257,17,22
257,18,0
258,0,0
258,1,583
258,2,161
258,3,692
258,4,905
258,5,588
258,6,686
258,7,482
258,8,143
258,9,54
258,10,816
258,11,1029
258,12,823
258,13,505
258,14,975
258,15,277
258,16,466
258,17,583
258,18,0
259,0,0
259,1,583
259,2,98
259,3,764
259,4,839
259,5,103
259,6,949
259,7,36
259,8,295
259,9,375
259,10,380
259,11,402
259,12,781
259,13,970
259,14,78
259,15,913
259,16,537
259,17,913
259,18,379
259,19,236
259,20,0
260,0,0
260,1,583
260,2,161
260,3,892
260,4,756
260,5,881
260,6,493
260,7,692
260,8,960
260,9,250
260,10,960
260,11,846
260,12,895
260,13,22
260,14,0
261,0,0
261,1,22
261,2,20
261,3,553
261,4,648
261,5,901
261,6,522
261,7,672
261,8,522
261,9,163
261,10,233
261,11,364
261,12,529
261,13,364
261,14,17
261,15,895
261,16,22
261,17,0
262,0,0
262,1,22
262,2,20
262,3,553
262,4,648
262,5,901
262,6,522
262,7,672
262,8,1023
262,9,235
262,10,996
262,11,621
262,12,138
262,13,621
262,14,171
262,15,948
262,16,236
262,17,0
263,0,0
263,1,236
263,2,612
263,3,620
263,4,783
263,5,487
263,6,873
263,7,797
263,8,572
263,9,766
263,10,278
263,11,343
263,12,20
263,13,22
263,14,0
264,0,0
264,1,236
264,2,379
264,3,210
264,4,550
264,5,449
264,6,930
264,7,925
264,8,547
264,9,695
264,10,571
264,11,300
264,12,258
264,13,994
264,14,258
264,15,300
264,16,576
264,17,693
264,18,20
264,19,22
264,20,0
265,0,0
265,1,583
265,2,161
265,3,692
265,4,905
265,5,518
265,6,287
265,7,455
265,8,959
265,9,191
265,10,913
265,11,460
265,12,532
265,13,215
265,14,811
265,15,102
265,16,189
265,17,102
265,18,514
265,19,20
265,20,22
265,21,0
266,0,0
266,1,583
266,2,0
266,3,22
266,4,304
266,5,631
266,6,44
266,7,121
266,8,532
266,9,725
266,10,130
266,11,725
266,12,59
266,13,567
266,14,161
266,15,583
266,16,0
267,0,0
267,1,150
267,2,447
267,3,415
267,4,404
267,5,834
267,6,487
267,7,873
267,8,797
267,9,873
267,10,423
267,11,571
267,12,1011
267,13,859
267,14,660
267,15,948
267,16,236
267,17,0
268,0,0
268,1,1021
268,2,265
268,3,604
268,4,320
268,5,114
268,6,373
268,7,206
268,8,78
268,9,970
268,10,781
268,11,587
268,12,976
268,13,758
268,14,199
268,15,447
268,16,150
268,17,0
269,0,0
269,1,583
269,2,161
269,3,692
269,4,204
269,5,692
269,6,161
269,7,583
269,8,466
269,9,583
269,10,0
270,0,0
270,1,22
270,2,20
270,3,1004
270,4,360
270,5,451
270,6,747
270,7,1026
270,8,420
270,9,1026
270,10,250
270,11,960
270,12,640
270,13,642
270,14,640
270,15,960
270,16,846
270,17,895
270,18,22
270,19,0
271,0,0
271,1,22
271,2,616
271,3,12
271,4,151
271,5,678
271,6,921
271,7,865
271,8,774
271,9,806
271,10,139
271,11,382
271,12,1021
271,13,0
272,0,0
272,1,22
272,2,767
272,3,867
272,4,209
272,5,604
272,6,320
272,7,604
272,8,644
272,9,1024
272,10,351
272,11,570
272,12,351
272,13,759
272,14,75
272,15,304
272,16,22
272,17,0
273,0,0
273,1,22
273,2,20
273,3,553
273,4,648
273,5,901
273,6,522
273,7,163
273,8,44
273,9,993
273,10,89
273,11,161
273,12,583
273,13,0
274,0,0
274,1,22
274,2,304
274,3,631
274,4,144
274,5,850
274,6,572
274,7,850
274,8,408
274,9,423
274,10,686
274,11,99
274,12,752
274,13,1022
274,14,150
274,15,0
275,0,0
275,1,583
275,2,466
275,3,277
275,4,880
275,5,475
275,6,792
275,7,445
275,8,283
275,9,426
275,10,480
275,11,892
275,12,161
275,13,583
275,14,0
276,0,0
276,1,583
276,2,126
276,3,934
276,4,621
276,5,996
276,6,235
276,7,596
276,8,597
276,9,528
276,10,84
276,11,13
276,12,161
276,13,583
276,14,0
277,0,0
277,1,22
277,2,304
277,3,631
277,4,44
277,5,163
277,6,233
277,7,364
277,8,645
277,9,419
277,10,63
277,11,419
277,12,645
277,13,692
277,14,161
277,15,583
277,16,0
278,0,0
278,1,150
278,2,1022
278,3,128
278,4,1022
278,5,939
278,6,954
278,7,960
278,8,250
278,9,80
278,10,250
278,11,960
278,12,846
278,13,895
278,14,22
278,15,0
279,0,0
279,1,22
279,2,20
279,3,773
279,4,541
279,5,634
279,6,691
279,7,681
279,8,469
279,9,560
279,10,584
279,11,603
279,12,773
279,13,20
279,14,22
279,15,0
280,0,0
280,1,583
280,2,161
280,3,692
280,4,538
280,5,276
280,6,670
280,7,911
280,8,670
280,9,864
280,10,177
280,11,600
280,12,1015
280,13,600
280,14,616
280,15,22
280,16,0
281,0,0
281,1,1021
281,2,382
281,3,253
281,4,462
281,5,253
281,6,571
281,7,752
281,8,1022
281,9,654
281,10,353
281,11,536
281,12,223
281,13,559
281,14,150
281,15,0
282,0,0
282,1,22
282,2,895
282,3,481
282,4,1006
282,5,598
282,6,751
282,7,588
282,8,939
282,9,209
282,10,356
282,11,209
282,12,604
282,13,678
282,14,921
282,15,698
282,16,1006
282,17,481
282,18,895
282,19,22
282,20,0
283,0,0
283,1,22
283,2,304
283,3,75
283,4,864
283,5,177
283,6,600
283,7,1015
283,8,396
283,9,985
283,10,266
283,11,985
283,12,529
283,13,364
283,14,17
283,15,895
283,16,22
283,17,0
284,0,0
284,1,583
284,2,161
284,3,13
284,4,84
284,5,774
284,6,806
284,7,478
284,8,905
284,9,518
284,10,608
284,11,851
284,12,304
284,13,22
284,14,0
285,0,0
285,1,150
285,2,1022
285,3,752
285,4,721
285,5,888
285,6,935
285,7,950
285,8,681
285,9,828
285,10,575
285,11,672
285,12,112
285,13,643
285,14,112
285,15,672
285,16,1017
285,17,506
285,18,834
285,19,546
285,20,895
285,21,22
285,22,0
286,0,0
286,1,583
286,2,161
286,3,692
286,4,905
286,5,588
286,6,939
286,7,954
286,8,431
286,9,264
286,10,272
286,11,723
286,12,956
286,13,766
286,14,572
286,15,802
286,16,715
286,17,516
286,18,285
286,19,645
286,20,692
286,21,161
286,22,583
286,23,0
287,0,0
287,1,583
287,2,161
287,3,89
287,4,358
287,5,89
287,6,801
287,7,947
287,8,882
287,9,880
287,10,277
287,11,466
287,12,583
287,13,0
288,0,0
288,1,150
288,2,1022
288,3,128
288,4,853
288,5,996
288,6,235
288,7,596
288,8,597
288,9,100
288,10,577
288,11,55
288,12,615
288,13,22
288,14,0
289,0,0
289,1,236
289,2,948
289,3,660
289,4,409
289,5,92
289,6,467
289,7,598
289,8,849
289,9,578
289,10,543
289,11,84
289,12,13
289,13,161
289,14,583
289,15,0
290,0,0
290,1,22
290,2,616
290,3,104
290,4,629
290,5,678
290,6,647
290,7,678
290,8,604
290,9,265
290,10,1021
290,11,987
290,12,117
290,13,111
290,14,156
290,15,118
290,16,810
290,17,993
290,18,89
290,19,161
290,20,583
290,21,0
291,0,0
291,1,150
291,2,197
291,3,188
291,4,501
291,5,271
291,6,912
291,7,851
291,8,981
291,9,1006
291,10,698
291,11,1006
291,12,481
291,13,895
291,14,22
291,15,0
292,0,0
292,1,22
292,2,304
292,3,631
292,4,44
292,5,163
292,6,233
292,7,140
292,8,561
292,9,913
292,10,78
292,11,263
292,12,52
292,13,89
292,14,161
292,15,583
292,16,0
293,0,0
293,1,583
293,2,161
293,3,692
293,4,905
293,5,588
293,6,939
293,7,428
293,8,30
293,9,475
293,10,788
293,11,233
293,12,364
293,13,17
293,14,895
293,15,22
293,16,0
294,0,0
294,1,22
294,2,20
294,3,1004
294,4,20
294,5,22
294,6,304
294,7,851
294,8,304
294,9,22
294,10,0
295,0,0
295,1,150
295,2,447
295,3,582
295,4,650
295,5,964
295,6,182
295,7,964
295,8,446
295,9,301
295,10,677
295,11,956
295,12,723
295,13,272
295,14,401
295,15,869
295,16,116
295,17,798
295,18,481
295,19,895
295,20,22
295,21,0
296,0,0
296,1,583
296,2,161
296,3,567
296,4,59
296,5,852
296,6,59
296,7,725
296,8,532
296,9,87
296,10,206
296,11,626
296,12,82
296,13,287
296,14,518
296,15,905
296,16,692
296,17,161
296,18,583
296,19,0
297,0,0
297,1,583
297,2,161
297,3,692
297,4,905
297,5,588
297,6,686
297,7,588
297,8,939
297,9,531
297,10,404
297,11,872
297,12,113
297,13,340
297,14,851
297,15,304
297,16,22
297,17,0
298,0,0
298,1,22
298,2,20
298,3,773
298,4,297
298,5,296
298,6,342
298,7,296
298,8,883
298,9,175
298,10,321
298,11,355
298,12,604
298,13,265
298,14,1021
298,15,0
299,0,0
299,1,236
299,2,612
299,3,620
299,4,783
299,5,722
299,6,986
299,7,816
299,8,681
299,9,256
299,10,681
299,11,950
299,12,418
299,13,411
299,14,616
299,15,22
299,16,0
300,0,0
300,1,22
300,2,616
300,3,835
300,4,644
300,5,375
300,6,295
300,7,36
300,8,170
300,9,17
300,10,895
300,11,22
300,12,0
301,0,0
301,1,22
301,2,895
301,3,846
301,4,1005
301,5,309
301,6,484
301,7,871
301,8,148
301,9,869
301,10,401
301,11,272
301,12,723
301,13,651
301,14,57
301,15,553
301,16,20
301,17,22
301,18,0
302,0,0
302,1,22
302,2,20
302,3,343
302,4,552
302,5,726
302,6,303
302,7,315
302,8,247
302,9,580
302,10,149
302,11,25
302,12,161
302,13,583
302,14,0
303,0,0
303,1,22
303,2,20
303,3,693
303,4,402
303,5,781
303,6,970
303,7,349
303,8,832
303,9,151
303,10,678
303,11,604
303,12,320
303,13,604
303,14,265
303,15,1021
303,16,0
304,0,0
304,1,583
304,2,161
304,3,892
304,4,756
304,5,234
304,6,824
304,7,288
304,8,678
304,9,921
304,10,678
304,11,629
304,12,104
304,13,616
304,14,22
304,15,0
305,0,0
305,1,1021
305,2,987
305,3,432
305,4,908
305,5,209
305,6,939
305,7,588
305,8,472
305,9,915
305,10,755
305,11,243
305,12,684
305,13,708
305,14,67
305,15,994
305,16,258
305,17,300
305,18,576
305,19,693
305,20,20
305,21,22
305,22,0
306,0,0
306,1,22
306,2,20
306,3,693
306,4,402
306,5,781
306,6,970
306,7,349
306,8,832
306,9,67
306,10,708
306,11,684
306,12,310
306,13,219
306,14,978
306,15,493
306,16,150
306,17,0
307,0,0
307,1,583
307,2,161
307,3,25
307,4,149
307,5,580
307,6,247
307,7,580
307,8,149
307,9,297
307,10,296
307,11,866
307,12,861
307,13,866
307,14,310
307,15,789
307,16,617
307,17,254
307,18,427
307,19,923
307,20,319
307,21,836
307,22,150
307,23,0
308,0,0
308,1,150
308,2,447
308,3,415
308,4,447
308,5,379
308,6,13
308,7,84
308,8,669
308,9,84
308,10,13
308,11,161
308,12,583
308,13,0
309,0,0
309,1,150
309,2,668
309,3,31
309,4,566
309,5,747
309,6,157
309,7,121
309,8,532
309,9,933
309,10,532
309,11,460
309,12,453
309,13,356
309,14,209
309,15,1001
309,16,889
309,17,1021
309,18,0
310,0,0
310,1,583
310,2,466
310,3,277
310,4,975
310,5,12
310,6,927
310,7,224
310,8,333
310,9,46
310,10,333
310,11,848
310,12,588
310,13,905
310,14,692
310,15,161
310,16,583
310,17,0
311,0,0
311,1,583
311,2,161
311,3,89
311,4,52
311,5,263
311,6,78
311,7,913
311,8,85
311,9,530
311,10,93
311,11,202
311,12,93
311,13,825
311,14,481
311,15,895
311,16,22
311,17,0
312,0,0
312,1,22
312,2,20
312,3,693
312,4,564
312,5,260
312,6,610
312,7,317
312,8,459
312,9,317
312,10,42
312,11,310
312,12,684
312,13,567
312,14,161
312,15,583
312,16,0
313,0,0
313,1,150
313,2,447
313,3,415
313,4,404
313,5,872
313,6,977
313,7,700
313,8,286
313,9,538
313,10,406
313,11,310
313,12,169
313,13,310
313,14,684
313,15,567
313,16,161
313,17,583
313,18,0
314,0,0
314,1,583
314,2,161
314,3,89
314,4,367
314,5,89
314,6,161
314,7,692
314,8,905
314,9,588
314,10,686
314,11,99
314,12,772
314,13,99
314,14,752
314,15,1022
314,16,150
314,17,0
315,0,0
315,1,583
315,2,161
315,3,692
315,4,538
315,5,406
315,6,606
315,7,115
315,8,686
315,9,105
315,10,686
315,11,588
315,12,905
315,13,692
315,14,161
315,15,583
315,16,0
316,0,0
316,1,22
316,2,895
316,3,201
316,4,47
316,5,557
316,6,928
316,7,805
316,8,530
316,9,849
316,10,709
316,11,377
316,12,562
316,13,220
316,14,611
316,15,1010
316,16,123
316,17,280
316,18,24
316,19,1001
316,20,889
316,21,1021
316,22,0
317,0,0
317,1,583
317,2,161
317,3,567
317,4,684
317,5,310
317,6,230
317,7,793
317,8,924
317,9,48
317,10,839
317,11,764
317,12,98
317,13,583
317,14,0
318,0,0
318,1,583
318,2,161
318,3,692
318,4,538
318,5,406
318,6,117
318,7,111
318,8,621
318,9,171
318,10,948
318,11,660
318,12,948
318,13,236
318,14,0
319,0,0
319,1,22
319,2,616
319,3,12
319,4,284
319,5,12
319,6,77
319,7,62
319,8,604
319,9,826
319,10,604
319,11,265
319,12,1021
319,13,0
320,0,0
320,1,583
320,2,161
320,3,13
320,4,229
320,5,1017
320,6,506
320,7,548
320,8,929
320,9,817
320,10,929
320,11,394
320,12,568
320,13,139
320,14,382
320,15,1021
320,16,0
321,0,0
321,1,583
321,2,161
321,3,89
321,4,119
321,5,958
321,6,512
321,7,594
321,8,441
321,9,32
321,10,657
321,11,32
321,12,441
321,13,939
321,14,588
321,15,905
321,16,692
321,17,161
321,18,583
321,19,0
322,0,0
322,1,583
322,2,161
322,3,692
322,4,905
322,5,588
322,6,939
322,7,428
322,8,30
322,9,677
322,10,301
322,11,921
322,12,678
322,13,629
322,14,104
322,15,616
322,16,22
322,17,0
323,0,0
323,1,150
323,2,1022
323,3,128
323,4,853
323,5,865
323,6,617
323,7,607
323,8,508
323,9,910
323,10,265
323,11,1021
323,12,0
324,0,0
324,1,22
324,2,20
324,3,553
324,4,57
324,5,651
324,6,940
324,7,133
324,8,940
324,9,744
324,10,936
324,11,260
324,12,187
324,13,260
324,14,936
324,15,801
324,16,871
324,17,11
324,18,286
324,19,538
324,20,692
324,21,161
324,22,583
324,23,0
325,0,0
325,1,22
325,2,304
325,3,851
325,4,340
325,5,783
325,6,220
325,7,734
325,8,736
325,9,585
325,10,628
325,11,683
325,12,692
325,13,161
325,14,583
325,15,0
326,0,0
326,1,583
326,2,161
326,3,692
326,4,905
326,5,588
326,6,939
326,7,954
326,8,470
326,9,954
326,10,939
326,11,120
326,12,548
326,13,506
326,14,998
326,15,175
326,16,1008
326,17,295
326,18,13
326,19,161
326,20,583
326,21,0
327,0,0
327,1,583
327,2,466
327,3,277
327,4,352
327,5,460
327,6,468
327,7,789
327,8,310
327,9,169
327,10,310
327,11,684
327,12,567
327,13,161
327,14,583
327,15,0
328,0,0
328,1,236
328,2,379
328,3,903
328,4,760
328,5,774
328,6,464
328,7,769
328,8,152
328,9,600
328,10,616
328,11,22
328,12,0
329,0,0
329,1,150
329,2,493
329,3,274
329,4,86
329,5,1012
329,6,804
329,7,647
329,8,100
329,9,577
329,10,55
329,11,615
329,12,22
329,13,0
330,0,0
330,1,583
330,2,161
330,3,567
330,4,684
330,5,310
330,6,1014
330,7,259
330,8,715
330,9,392
330,10,715
330,11,516
330,12,69
330,13,993
330,14,141
330,15,747
330,16,566
330,17,171
330,18,948
330,19,236
330,20,0
331,0,0
331,1,236
331,2,948
331,3,171
331,4,714
331,5,332
331,6,714
331,7,171
331,8,948
331,9,660
331,10,770
331,11,745
331,12,884
331,13,271
331,14,912
331,15,274
331,16,493
331,17,150
331,18,0
332,0,0
332,1,22
332,2,895
332,3,846
332,4,960
332,5,640
332,6,642
332,7,54
332,8,143
332,9,845
332,10,544
332,11,239
332,12,520
332,13,272
332,14,18
332,15,434
332,16,161
332,17,583
332,18,0
333,0,0
333,1,583
333,2,161
333,3,692
333,4,645
333,5,419
333,6,63
333,7,741
333,8,863
333,9,604
333,10,209
333,11,1001
333,12,29
333,13,380
333,14,375
333,15,295
333,16,413
333,17,314
333,18,91
333,19,645
333,20,692
333,21,161
333,22,583
333,23,0
334,0,0
334,1,583
334,2,161
334,3,25
334,4,275
334,5,705
334,6,862
334,7,705
334,8,385
334,9,549
334,10,508
334,11,607
334,12,617
334,13,607
334,14,508
334,15,910
334,16,265
334,17,1021
334,18,0
335,0,0
335,1,22
335,2,895
335,3,481
335,4,798
335,5,655
335,6,798
335,7,481
335,8,895
335,9,201
335,10,540
335,11,201
335,12,895
335,13,22
335,14,0
336,0,0
336,1,583
336,2,98
336,3,764
336,4,433
336,5,708
336,6,998
336,7,175
336,8,321
336,9,355
336,10,604
336,11,265
336,12,1021
336,13,0
337,0,0
337,1,150
337,2,559
337,3,398
337,4,229
337,5,1017
337,6,229
337,7,13
337,8,161
337,9,583
337,10,0
338,0,0
338,1,150
338,2,1022
338,3,807
338,4,1022
338,5,200
338,6,670
338,7,95
338,8,966
338,9,139
338,10,382
338,11,1021
338,12,0
339,0,0
339,1,22
339,2,616
339,3,411
339,4,418
339,5,950
339,6,681
339,7,828
339,8,282
339,9,828
339,10,87
339,11,206
339,12,78
339,13,284
339,14,969
339,15,383
339,16,773
339,17,20
339,18,22
339,19,0
340,0,0
340,1,150
340,2,493
340,3,274
340,4,912
340,5,49
340,6,946
340,7,801
340,8,936
340,9,260
340,10,408
340,11,850
340,12,883
340,13,175
340,14,321
340,15,355
340,16,604
340,17,265
340,18,1021
340,19,0
341,0,0
341,1,22
341,2,20
341,3,773
341,4,702
341,5,286
341,6,416
341,7,286
341,8,538
341,9,692
341,10,161
341,11,583
341,12,0
342,0,0
342,1,583
342,2,161
342,3,567
342,4,181
342,5,429
342,6,181
342,7,147
342,8,688
342,9,85
342,10,530
342,11,93
342,12,825
342,13,481
342,14,895
342,15,22
342,16,0
343,0,0
343,1,583
343,2,161
343,3,692
343,4,905
343,5,588
343,6,939
343,7,428
343,8,30
343,9,677
343,10,30
343,11,428
343,12,939
343,13,45
343,14,685
343,15,543
343,16,84
343,17,13
343,18,161
343,19,583
343,20,0
344,0,0
344,1,583
344,2,161
344,3,89
344,4,52
344,5,263
344,6,902
344,7,263
344,8,821
344,9,357
344,10,783
344,11,361
344,12,783
344,13,620
344,14,612
344,15,236
344,16,0
345,0,0
345,1,22
345,2,304
345,3,851
345,4,608
345,5,887
345,6,372
345,7,887
345,8,608
345,9,518
345,10,905
345,11,692
345,12,538
345,13,692
345,14,204
345,15,753
345,16,204
345,17,692
345,18,161
345,19,583
345,20,0
346,0,0
346,1,22
346,2,895
346,3,846
346,4,21
346,5,211
346,6,190
346,7,211
346,8,21
346,9,947
346,10,801
346,11,936
346,12,38
346,13,857
346,14,962
346,15,481
346,16,895
346,17,22
346,18,0
347,0,0
347,1,583
347,2,466
347,3,277
347,4,352
347,5,460
347,6,453
347,7,460
347,8,913
347,9,605
347,10,296
347,11,707
347,12,199
347,13,447
347,14,150
347,15,0
348,0,0
348,1,22
348,2,616
348,3,12
348,4,927
348,5,42
348,6,966
348,7,139
348,8,382
348,9,1021
348,10,0
349,0,0
349,1,583
349,2,98
349,3,871
349,4,158
349,5,871
349,6,484
349,7,309
349,8,731
349,9,576
349,10,731
349,11,309
349,12,428
349,13,939
349,14,441
349,15,666
349,16,441
349,17,939
349,18,588
349,19,905
349,20,692
349,21,161
349,22,583
349,23,0
350,0,0
350,1,236
350,2,379
350,3,521
350,4,379
350,5,399
350,6,457
350,7,642
350,8,54
350,9,143
350,10,845
350,11,925
350,12,930
350,13,449
350,14,930
350,15,885
350,16,285
350,17,645
350,18,692
350,19,161
350,20,583
350,21,0
351,0,0
351,1,150
351,2,447
351,3,582
351,4,490
351,5,565
351,6,490
351,7,586
351,8,140
351,9,498
351,10,141
351,11,993
351,12,573
351,13,442
351,14,207
351,15,13
351,16,161
351,17,583
351,18,0
352,0,0
352,1,236
352,2,612
352,3,620
352,4,599
352,5,849
352,6,598
352,7,751
352,8,588
352,9,848
352,10,333
352,11,224
352,12,178
352,13,51
352,14,111
352,15,117
352,16,406
352,17,538
352,18,692
352,19,161
352,20,583
352,21,0
353,0,0
353,1,150
353,2,493
353,3,142
353,4,502
353,5,142
353,6,847
353,7,417
353,8,262
353,9,336
353,10,777
353,11,201
353,12,895
353,13,22
353,14,0
354,0,0
354,1,583
354,2,161
354,3,25
354,4,275
354,5,338
354,6,726
354,7,939
354,8,531
354,9,851
354,10,304
354,11,579
354,12,304
354,13,22
354,14,0
355,0,0
355,1,583
355,2,161
355,3,25
355,4,275
355,5,338
355,6,726
355,7,303
355,8,151
355,9,12
355,10,412
355,11,3
355,12,71
355,13,701
355,14,108
355,15,701
355,16,1004
355,17,20
355,18,22
355,19,0
356,0,0
356,1,22
356,2,20
356,3,773
356,4,259
356,5,69
356,6,983
356,7,88
356,8,704
356,9,617
356,10,607
356,11,508
356,12,910
356,13,265
356,14,1021
356,15,0
357,0,0
357,1,22
357,2,20
357,3,693
357,4,662
357,5,96
357,6,362
357,7,71
357,8,701
357,9,108
357,10,701
357,11,71
357,12,689
357,13,887
357,14,704
357,15,227
357,16,827
357,17,493
357,18,150
357,19,0
358,0,0
358,1,1021
358,2,382
358,3,139
358,4,362
358,5,121
358,6,160
358,7,470
358,8,746
358,9,893
358,10,425
358,11,692
358,12,161
358,13,583
358,14,0
359,0,0
359,1,150
359,2,479
359,3,150
359,4,1022
359,5,752
359,6,99
359,7,172
359,8,99
359,9,752
359,10,1022
359,11,150
359,12,0
360,0,0
360,1,22
360,2,20
360,3,693
360,4,576
360,5,731
360,6,920
360,7,439
360,8,542
360,9,67
360,10,708
360,11,998
360,12,313
360,13,589
360,14,746
360,15,342
360,16,101
360,17,813
360,18,427
360,19,731
360,20,576
360,21,693
360,22,20
360,23,22
360,24,0
361,0,0
361,1,583
361,2,161
361,3,692
361,4,905
361,5,588
361,6,686
361,7,588
361,8,472
361,9,549
361,10,938
361,11,549
361,12,508
361,13,910
361,14,265
361,15,1021
361,16,0
362,0,0
362,1,583
362,2,161
362,3,89
362,4,358
362,5,388
362,6,742
362,7,969
362,8,284
362,9,78
362,10,263
362,11,52
362,12,89
362,13,367
362,14,1
362,15,367
362,16,89
362,17,161
362,18,583
362,19,0
363,0,0
363,1,1021
363,2,0
363,3,150
363,4,197
363,5,188
363,6,197
363,7,150
363,8,0
364,0,0
364,1,22
364,2,616
364,3,104
364,4,891
364,5,653
364,6,776
364,7,395
364,8,357
364,9,783
364,10,620
364,11,830
364,12,347
364,13,58
364,14,347
364,15,362
364,16,139
364,17,382
364,18,1021
364,19,0
365,0,0
365,1,236
365,2,157
365,3,121
365,4,160
365,5,259
365,6,773
365,7,297
365,8,773
365,9,20
365,10,22
365,11,0
366,0,0
366,1,22
366,2,615
366,3,22
366,4,895
366,5,481
366,6,1006
366,7,445
366,8,792
366,9,475
366,10,880
366,11,277
366,12,466
366,13,583
366,14,0
367,0,0
367,1,150
367,2,493
367,3,241
367,4,661
367,5,96
367,6,873
367,7,423
367,8,408
367,9,260
367,10,564
367,11,740
367,12,564
367,13,693
367,14,20
367,15,22
367,16,0
368,0,0
368,1,150
368,2,493
368,3,241
368,4,494
368,5,241
368,6,493
368,7,692
368,8,538
368,9,406
368,10,538
368,11,692
368,12,161
368,13,583
368,14,0
369,0,0
369,1,150
369,2,447
369,3,199
369,4,239
369,5,520
369,6,748
369,7,527
369,8,89
369,9,358
369,10,981
369,11,851
369,12,608
369,13,518
369,14,287
369,15,455
369,16,248
369,17,1015
369,18,600
369,19,616
369,20,22
369,21,0
370,0,0
370,1,22
370,2,895
370,3,17
370,4,364
370,5,233
370,6,866
370,7,861
370,8,866
370,9,310
370,10,789
370,11,617
370,12,881
370,13,493
370,14,150
370,15,0
371,0,0
371,1,1021
371,2,382
371,3,139
371,4,806
371,5,280
371,6,806
371,7,774
371,8,865
371,9,921
371,10,678
371,11,240
371,12,34
371,13,577
371,14,55
371,15,615
371,16,22
371,17,0
372,0,0
372,1,583
372,2,466
372,3,277
372,4,975
372,5,505
372,6,823
372,7,505
372,8,975
372,9,12
372,10,616
372,11,12
372,12,759
372,13,802
372,14,836
372,15,150
372,16,0
373,0,0
373,1,583
373,2,161
373,3,692
373,4,538
373,5,276
373,6,765
373,7,276
373,8,670
373,9,864
373,10,524
373,11,695
373,12,1010
373,13,123
373,14,534
373,15,262
373,16,417
373,17,457
373,18,642
373,19,640
373,20,960
373,21,846
373,22,895
373,23,22
373,24,0
374,0,0
374,1,22
374,2,20
374,3,553
374,4,57
374,5,651
374,6,723
374,7,956
374,8,932
374,9,956
374,10,723
374,11,651
374,12,57
374,13,610
374,14,214
374,15,653
374,16,568
374,17,637
374,18,612
374,19,620
374,20,612
374,21,236
374,22,0
375,0,0
375,1,1021
375,2,265
375,3,403
375,4,422
375,5,350
375,6,194
375,7,315
375,8,433
375,9,776
375,10,653
375,11,891
375,12,104
375,13,616
375,14,22
375,15,0
376,0,0
376,1,1021
376,2,265
376,3,604
376,4,863
376,5,741
376,6,407
376,7,273
376,8,370
376,9,117
376,10,111
376,11,621
376,12,171
376,13,540
376,14,201
376,15,895
376,16,22
376,17,0
377,0,0
377,1,22
377,2,895
377,3,846
377,4,960
377,5,640
377,6,960
377,7,954
377,8,939
377,9,588
377,10,848
377,11,333
377,12,848
377,13,588
377,14,905
377,15,692
377,16,161
377,17,583
377,18,0
378,0,0
378,1,583
378,2,161
378,3,13
378,4,295
378,5,1008
378,6,295
378,7,13
378,8,161
378,9,583
378,10,0
379,0,0
379,1,583
379,2,161
379,3,692
379,4,905
379,5,588
379,6,939
379,7,359
379,8,939
379,9,120
379,10,38
379,11,58
379,12,347
379,13,362
379,14,139
379,15,382
379,16,1021
379,17,0
380,0,0
380,1,583
380,2,161
380,3,692
380,4,905
380,5,518
380,6,287
380,7,104
380,8,629
380,9,678
380,10,921
380,11,1011
380,12,859
380,13,514
380,14,20
380,15,22
380,16,0
381,0,0
381,1,1021
381,2,265
381,3,146
381,4,208
381,5,109
381,6,539
381,7,151
381,8,832
381,9,349
381,10,970
381,11,781
381,12,402
381,13,693
381,14,20
381,15,22
381,16,0
382,0,0
382,1,22
382,2,20
382,3,553
382,4,57
382,5,651
382,6,723
382,7,979
382,8,723
382,9,272
382,10,520
382,11,239
382,12,824
382,13,690
382,14,104
382,15,616
382,16,22
382,17,0
383,0,0
383,1,22
383,2,304
383,3,75
383,4,463
383,5,75
383,6,759
383,7,489
383,8,931
383,9,933
383,10,414
383,11,933
383,12,1004
383,13,20
383,14,22
383,15,0
384,0,0
384,1,583
384,2,161
384,3,692
384,4,905
384,5,588
384,6,716
384,7,179
384,8,573
384,9,993
384,10,69
384,11,259
384,12,773
384,13,20
384,14,22
384,15,0
385,0,0
385,1,22
385,2,20
385,3,553
385,4,648
385,5,676
385,6,271
385,7,41
385,8,894
385,9,62
385,10,173
385,11,819
385,12,173
385,13,513
385,14,1004
385,15,20
385,16,22
385,17,0
386,0,0
386,1,22
386,2,20
386,3,773
386,4,603
386,5,855
386,6,421
386,7,456
386,8,421
386,9,407
386,10,946
386,11,49
386,12,912
386,13,274
386,14,493
386,15,150
386,16,0
387,0,0
387,1,583
387,2,161
387,3,13
387,4,84
387,5,774
387,6,84
387,7,669
387,8,907
387,9,86
387,10,274
387,11,493
387,12,150
387,13,0
388,0,0
388,1,150
388,2,836
388,3,319
388,4,448
388,5,319
388,6,836
388,7,150
388,8,493
388,9,881
388,10,126
388,11,881
388,12,493
388,13,150
388,14,1022
388,15,752
388,16,721
388,17,888
388,18,721
388,19,752
388,20,1022
388,21,150
388,22,0
389,0,0
389,1,22
389,2,616
389,3,104
389,4,629
389,5,313
389,6,589
389,7,32
389,8,441
389,9,939
389,10,120
389,11,38
389,12,609
389,13,38
389,14,857
389,15,962
389,16,481
389,17,895
389,18,22
389,19,0
390,0,0
390,1,583
390,2,466
390,3,196
390,4,178
390,5,205
390,6,704
390,7,617
390,8,254
390,9,427
390,10,813
390,11,154
390,12,813
390,13,290
390,14,688
390,15,147
390,16,181
390,17,567
390,18,961
390,19,567
390,20,161
390,21,583
390,22,0
391,0,0
391,1,22
391,2,20
391,3,514
391,4,102
391,5,189
391,6,102
391,7,514
391,8,20
391,9,693
391,10,995
391,11,693
391,12,20
391,13,22
391,14,0
392,0,0
392,1,583
392,2,161
392,3,692
392,4,645
392,5,944
392,6,31
392,7,566
392,8,747
392,9,842
392,10,185
392,11,803
392,12,858
392,13,422
392,14,403
392,15,265
392,16,1021
392,17,0
393,0,0
393,1,1021
393,2,265
393,3,403
393,4,422
393,5,468
393,6,952
393,7,325
393,8,964
393,9,650
393,10,649
393,11,170
393,12,17
393,13,364
393,14,233
393,15,140
393,16,195
393,17,633
393,18,277
393,19,466
393,20,583
393,21,0
394,0,0
394,1,22
394,2,20
394,3,773
394,4,541
394,5,728
394,6,440
394,7,148
394,8,860
394,9,891
394,10,653
394,11,776
394,12,653
394,13,891
394,14,104
394,15,616
394,16,22
394,17,0
395,0,0
395,1,583
395,2,161
395,3,692
395,4,905
395,5,588
395,6,848
395,7,588
395,8,939
395,9,531
395,10,208
395,11,650
395,12,582
395,13,447
395,14,150
395,15,0
396,0,0
396,1,150
396,2,1022
396,3,807
396,4,497
396,5,7
396,6,497
396,7,807
396,8,1022
396,9,752
396,10,571
396,11,423
396,12,873
396,13,96
396,14,661
396,15,241
396,16,493
396,17,150
396,18,0
397,0,0
397,1,583
397,2,161
397,3,692
397,4,905
397,5,588
397,6,939
397,7,441
397,8,666
397,9,963
397,10,950
397,11,269
397,12,303
397,13,151
397,14,832
397,15,67
397,16,994
397,17,762
397,18,139
397,19,382
397,20,1021
397,21,0
398,0,0
398,1,150
398,2,493
398,3,150
398,4,1022
398,5,128
398,6,1022
398,7,150
398,8,493
398,9,692
398,10,425
398,11,692
398,12,161
398,13,583
398,14,0
399,0,0
399,1,583
399,2,161
399,3,692
399,4,425
399,5,893
399,6,828
399,7,681
399,8,816
399,9,986
399,10,103
399,11,504
399,12,3
399,13,412
399,14,12
399,15,616
399,16,22
399,17,0
400,0,0
400,1,583
400,2,161
400,3,692
400,4,905
400,5,518
400,6,287
400,7,455
400,8,959
400,9,441
400,10,939
400,11,683
400,12,692
400,13,161
400,14,583
400,15,0
401,0,0
401,1,22
401,2,20
401,3,1004
401,4,933
401,5,414
401,6,933
401,7,532
401,8,121
401,9,44
401,10,631
401,11,144
401,12,631
401,13,304
401,14,22
401,15,0
402,0,0
402,1,583
402,2,98
402,3,764
402,4,839
402,5,764
402,6,433
402,7,708
402,8,276
402,9,538
402,10,406
402,11,538
402,12,692
402,13,161
402,14,583
402,15,0
403,0,0
403,1,583
403,2,161
403,3,692
403,4,645
403,5,692
403,6,161
403,7,892
403,8,658
403,9,892
403,10,161
403,11,583
403,12,0
404,0,0
404,1,583
404,2,161
404,3,567
404,4,684
404,5,310
404,6,42
404,7,317
404,8,840
404,9,670
404,10,544
404,11,1002
404,12,307
404,13,1002
404,14,29
404,15,1001
404,16,889
404,17,1021
404,18,0
405,0,0
405,1,583
405,2,161
405,3,25
405,4,149
405,5,710
405,6,207
405,7,144
405,8,631
405,9,44
405,10,993
405,11,141
405,12,498
405,13,141
405,14,223
405,15,559
405,16,150
405,17,0
406,0,0
406,1,583
406,2,161
406,3,567
406,4,684
406,5,310
406,6,230
406,7,793
406,8,345
406,9,275
406,10,705
406,11,86
406,12,625
406,13,344
406,14,447
406,15,150
406,16,0
407,0,0
407,1,583
407,2,161
407,3,89
407,4,358
407,5,894
407,6,358
407,7,981
407,8,661
407,9,532
407,10,933
407,11,532
407,12,14
407,13,796
407,14,891
407,15,104
407,16,616
407,17,22
407,18,0
408,0,0
408,1,583
408,2,466
408,3,277
408,4,352
408,5,460
408,6,453
408,7,723
408,8,651
408,9,57
408,10,553
408,11,20
408,12,22
408,13,0
409,0,0
409,1,22
409,2,616
409,3,104
409,4,629
409,5,383
409,6,773
409,7,20
409,8,693
409,9,564
409,10,693
409,11,20
409,12,22
409,13,0
410,0,0
410,1,583
410,2,161
410,3,692
410,4,905
410,5,588
410,6,848
410,7,333
410,8,848
410,9,588
410,10,905
410,11,518
410,12,790
410,13,418
410,14,411
410,15,616
410,16,22
410,17,0
411,0,0
411,1,583
411,2,161
411,3,692
411,4,905
411,5,588
411,6,716
411,7,733
411,8,708
411,9,704
411,10,163
411,11,233
411,12,140
411,13,586
411,14,224
411,15,770
411,16,660
411,17,948
411,18,236
411,19,0
412,0,0
412,1,583
412,2,161
412,3,692
412,4,538
412,5,276
412,6,670
412,7,276
412,8,538
412,9,406
412,10,117
412,11,111
412,12,621
412,13,1016
412,14,345
412,15,275
412,16,25
412,17,161
412,18,583
412,19,0
413,0,0
413,1,22
413,2,895
413,3,481
413,4,999
413,5,813
413,6,427
413,7,254
413,8,617
413,9,789
413,10,310
413,11,684
413,12,567
413,13,161
413,14,583
413,15,0
414,0,0
414,1,150
414,2,836
414,3,319
414,4,448
414,5,838
414,6,794
414,7,535
414,8,48
414,9,90
414,10,48
414,11,924
414,12,398
414,13,559
414,14,150
414,15,0
415,0,0
415,1,22
415,2,895
415,3,846
415,4,960
415,5,231
415,6,417
415,7,262
415,8,260
415,9,246
415,10,862
415,11,705
415,12,275
415,13,25
415,14,161
415,15,583
415,16,0
416,0,0
416,1,22
416,2,895
416,3,481
416,4,798
416,5,97
416,6,306
416,7,322
416,8,359
416,9,888
416,10,721
416,11,752
416,12,1022
416,13,150
416,14,0
417,0,0
417,1,22
417,2,895
417,3,481
417,4,999
417,5,518
417,6,905
417,7,692
417,8,538
417,9,286
417,10,700
417,11,286
417,12,538
417,13,692
417,14,161
417,15,583
417,16,0
418,0,0
418,1,583
418,2,161
418,3,692
418,4,905
418,5,588
418,6,552
418,7,750
418,8,552
418,9,588
418,10,848
418,11,333
418,12,46
418,13,333
418,14,848
418,15,588
418,16,905
418,17,692
418,18,161
418,19,583
418,20,0
419,0,0
419,1,583
419,2,161
419,3,692
419,4,905
419,5,588
419,6,939
419,7,441
419,8,666
419,9,168
419,10,666
419,11,441
419,12,32
419,13,657
419,14,771
419,15,614
419,16,513
419,17,70
419,18,689
419,19,56
419,20,8
419,21,178
419,22,196
419,23,466
419,24,583
419,25,0
420,0,0
420,1,22
420,2,304
420,3,75
420,4,759
420,5,53
420,6,167
420,7,537
420,8,873
420,9,96
420,10,662
420,11,693
420,12,20
420,13,773
420,14,259
420,15,160
420,16,763
420,17,160
420,18,259
420,19,773
420,20,20
420,21,22
420,22,0
421,0,0
421,1,583
421,2,466
421,3,196
421,4,178
421,5,224
421,6,61
421,7,704
421,8,887
421,9,340
421,10,113
421,11,435
421,12,113
421,13,340
421,14,851
421,15,304
421,16,22
421,17,0
422,0,0
422,1,583
422,2,161
422,3,692
422,4,905
422,5,518
422,6,790
422,7,518
422,8,905
422,9,692
422,10,493
422,11,241
422,12,328
422,13,241
422,14,493
422,15,150
422,16,0
423,0,0
423,1,583
423,2,161
423,3,692
423,4,645
423,5,944
423,6,645
423,7,419
423,8,63
423,9,528
423,10,289
423,11,528
423,12,84
423,13,13
423,14,161
423,15,583
423,16,0
424,0,0
424,1,22
424,2,20
424,3,773
424,4,259
424,5,794
424,6,838
424,7,794
424,8,259
424,9,160
424,10,755
424,11,160
424,12,121
424,13,532
424,14,460
424,15,522
424,16,901
424,17,648
424,18,553
424,19,20
424,20,22
424,21,0
425,0,0
425,1,22
425,2,20
425,3,1004
425,4,513
425,5,173
425,6,602
425,7,864
425,8,670
425,9,544
425,10,845
425,11,143
425,12,482
425,13,686
425,14,115
425,15,171
425,16,948
425,17,236
425,18,0
426,0,0
426,1,22
426,2,378
426,3,791
426,4,76
426,5,586
426,6,825
426,7,93
426,8,581
426,9,195
426,10,553
426,11,20
426,12,22
426,13,0
427,0,0
427,1,1021
427,2,889
427,3,1001
427,4,29
427,5,1001
427,6,209
427,7,867
427,8,323
427,9,610
427,10,57
427,11,553
427,12,20
427,13,22
427,14,0
428,0,0
428,1,583
428,2,161
428,3,692
428,4,905
428,5,478
428,6,611
428,7,220
428,8,480
428,9,426
428,10,480
428,11,679
428,12,45
428,13,939
428,14,441
428,15,939
428,16,588
428,17,905
428,18,692
428,19,161
428,20,583
428,21,0
429,0,0
429,1,1021
429,2,0
429,3,150
429,4,447
429,5,344
429,6,447
429,7,150
429,8,0
430,0,0
430,1,583
430,2,466
430,3,277
430,4,352
430,5,460
430,6,453
430,7,460
430,8,532
430,9,661
430,10,981
430,11,851
430,12,912
430,13,274
430,14,86
430,15,705
430,16,275
430,17,25
430,18,161
430,19,583
430,20,0
431,0,0
431,1,150
431,2,493
431,3,978
431,4,219
431,5,310
431,6,42
431,7,927
431,8,725
431,9,130
431,10,725
431,11,59
431,12,567
431,13,161
431,14,583
431,15,0
432,0,0
432,1,150
432,2,493
432,3,274
432,4,912
432,5,271
432,6,176
432,7,235
432,8,996
432,9,849
432,10,598
432,11,840
432,12,317
432,13,42
432,14,310
432,15,684
432,16,567
432,17,161
432,18,583
432,19,0
433,0,0
433,1,583
433,2,161
433,3,692
433,4,905
433,5,595
433,6,905
433,7,518
433,8,999
433,9,481
433,10,962
433,11,481
433,12,895
433,13,22
433,14,0
434,0,0
434,1,150
434,2,836
434,3,319
434,4,671
434,5,319
434,6,923
434,7,504
434,8,103
434,9,949
434,10,103
434,11,839
434,12,539
434,13,141
434,14,498
434,15,281
434,16,498
434,17,141
434,18,223
434,19,559
434,20,150
434,21,0
435,0,0
435,1,150
435,2,1022
435,3,752
435,4,571
435,5,695
435,6,503
435,7,695
435,8,813
435,9,427
435,10,254
435,11,281
435,12,498
435,13,141
435,14,993
435,15,69
435,16,922
435,17,69
435,18,259
435,19,773
435,20,20
435,21,22
435,22,0
436,0,0
436,1,22
436,2,20
436,3,773
436,4,603
436,5,855
436,6,1027
436,7,48
436,8,90
436,9,626
436,10,82
436,11,287
436,12,518
436,13,905
436,14,692
436,15,161
436,16,583
436,17,0
437,0,0
437,1,22
437,2,20
437,3,693
437,4,662
437,5,900
437,6,623
437,7,546
437,8,777
437,9,201
437,10,895
437,11,22
437,12,0
438,0,0
438,1,22
438,2,20
438,3,693
438,4,564
438,5,260
438,6,262
438,7,534
438,8,123
438,9,985
438,10,266
438,11,985
438,12,529
438,13,364
438,14,17
438,15,895
438,16,22
438,17,0
439,0,0
439,1,150
439,2,1022
439,3,654
439,4,1022
439,5,807
439,6,851
439,7,912
439,8,874
439,9,912
439,10,783
439,11,220
439,12,480
439,13,892
439,14,161
439,15,583
439,16,0
440,0,0
440,1,583
440,2,161
440,3,25
440,4,149
440,5,486
440,6,1026
440,7,217
440,8,531
440,9,404
440,10,872
440,11,113
440,12,435
440,13,113
440,14,872
440,15,977
440,16,700
440,17,286
440,18,16
440,19,601
440,20,97
440,21,798
440,22,481
440,23,895
440,24,22
440,25,0
441,0,0
441,1,583
441,2,161
441,3,13
441,4,257
441,5,13
441,6,161
441,7,583
441,8,0
442,0,0
442,1,583
442,2,161
442,3,567
442,4,59
442,5,725
442,6,537
442,7,873
442,8,797
442,9,572
442,10,850
442,11,144
442,12,631
442,13,304
442,14,22
442,15,0
443,0,0
443,1,583
443,2,98
443,3,532
443,4,613
443,5,532
443,6,228
443,7,367
443,8,444
443,9,367
443,10,89
443,11,161
443,12,583
443,13,0
444,0,0
444,1,22
444,2,20
444,3,693
444,4,564
444,5,260
444,6,936
444,7,744
444,8,940
444,9,364
444,10,17
444,11,674
444,12,17
444,13,735
444,14,924
444,15,16
444,16,601
444,17,835
444,18,616
444,19,22
444,20,0
445,0,0
445,1,22
445,2,616
445,3,12
445,4,151
445,5,303
445,6,306
445,7,407
445,8,543
445,9,578
445,10,543
445,11,84
445,12,13
445,13,161
445,14,583
445,15,0
446,0,0
446,1,583
446,2,161
446,3,692
446,4,645
446,5,944
446,6,507
446,7,944
446,8,210
446,9,445
446,10,283
446,11,426
446,12,480
446,13,892
446,14,161
446,15,583
446,16,0
447,0,0
447,1,583
447,2,161
447,3,692
447,4,645
447,5,944
447,6,50
447,7,681
447,8,816
447,9,54
447,10,143
447,11,482
447,12,686
447,13,423
447,14,873
447,15,118
447,16,689
447,17,887
447,18,608
447,19,851
447,20,304
447,21,22
447,22,0
